model,condition,metric,mean,std,ci95
AudioEssentiaOnly,observed,mAP,0.3941756427307946,0.0024585651565516,0.0021550273763274
AudioEssentiaOnly,observed,MacroF1,0.4360296329987861,0.0013690283423742,0.0012000062511756
AudioEssentiaOnly,observed,MicroF1,0.4707672966945126,0.0036976433629836,0.0032411273111435
AudioEssentiaOnly,observed,MacroROC_AUC,0.735393110905558,0.0016180571935131,0.0014182896634617
AudioEssentiaOnly,no_audio,mAP,0.1913268529342742,2.031815226133612e-05,1.7809645696347144e-05
AudioEssentiaOnly,no_audio,MacroF1,0.2798326943807997,0.0046494175597894,0.0040753941780324
AudioEssentiaOnly,no_audio,MicroF1,0.3332730961631878,0.0037642669905428,0.0032995254955144
AudioEssentiaOnly,no_audio,MacroROC_AUC,0.4999840739503887,0.0001201920330521,0.0001053529620533
AudioEssentiaOnly,no_lyrics,mAP,0.3941756427307946,0.0024585651565516,0.0021550273763274
AudioEssentiaOnly,no_lyrics,MacroF1,0.4360296329987861,0.0013690283423742,0.0012000062511756
AudioEssentiaOnly,no_lyrics,MicroF1,0.4707672966945126,0.0036976433629836,0.0032411273111435
AudioEssentiaOnly,no_lyrics,MacroROC_AUC,0.735393110905558,0.0016180571935131,0.0014182896634617
AudioEssentiaOnly,no_visual,mAP,0.3941756427307946,0.0024585651565516,0.0021550273763274
AudioEssentiaOnly,no_visual,MacroF1,0.4360296329987861,0.0013690283423742,0.0012000062511756
AudioEssentiaOnly,no_visual,MicroF1,0.4707672966945126,0.0036976433629836,0.0032411273111435
AudioEssentiaOnly,no_visual,MacroROC_AUC,0.735393110905558,0.0016180571935131,0.0014182896634617
AudioEssentiaOnly,random_one_view_missing,mAP,0.3548230673456166,0.0019323088367051,0.0016937433736593
AudioEssentiaOnly,random_one_view_missing,MacroF1,0.3972272908611035,0.0024910814836844,0.0021835291937236
AudioEssentiaOnly,random_one_view_missing,MicroF1,0.4299354133302321,0.0027405501888419,0.0024021981550561
AudioEssentiaOnly,random_one_view_missing,MacroROC_AUC,0.7010555941140388,0.0013290068105697,0.0011649258318296
AudioEssentiaOnly,random_half_views_missing,mAP,0.2872236292336363,0.0023031749905442,0.0020188218904303
AudioEssentiaOnly,random_half_views_missing,MacroF1,0.350496122128098,0.0027615632359663,0.0024206169029557
AudioEssentiaOnly,random_half_views_missing,MicroF1,0.3800473632952559,0.0032464714853793,0.0028456577239025
AudioEssentiaOnly,random_half_views_missing,MacroROC_AUC,0.6310541820385605,0.0025304005337399,0.0022179938606677
AudioEssentiaOnly,keep_one_view,mAP,0.2266915827558733,0.0007463089875105,0.0006541686702906
AudioEssentiaOnly,keep_one_view,MacroF1,0.3096189391637144,0.0017674626293311,0.0015492493020549
AudioEssentiaOnly,keep_one_view,MicroF1,0.3474224061392632,0.0037999359382967,0.0033307907067249
AudioEssentiaOnly,keep_one_view,MacroROC_AUC,0.5506614771011297,0.0013419992845345,0.0011763142373823
AudioIvecOnly,observed,mAP,0.3550718414939492,0.002046898943843,0.0017941860311501
AudioIvecOnly,observed,MacroF1,0.4085489252794264,0.0017535017503667,0.001537012052094
AudioIvecOnly,observed,MicroF1,0.4434996577105244,0.002335122185028,0.0020468248410642
AudioIvecOnly,observed,MacroROC_AUC,0.7061351157224077,0.0012401308224577,0.0010870225934432
AudioIvecOnly,no_audio,mAP,0.1913275739848189,3.518025075687686e-05,3.083684940588311e-05
AudioIvecOnly,no_audio,MacroF1,0.3020716101824209,0.0043743931679328,0.0038343246696529
AudioIvecOnly,no_audio,MicroF1,0.3274591666421557,0.0023392382118186,0.002050432697619
AudioIvecOnly,no_audio,MacroROC_AUC,0.4999975522241824,0.0001344847413913,0.0001178810732855
AudioIvecOnly,no_lyrics,mAP,0.3550718414939492,0.002046898943843,0.0017941860311501
AudioIvecOnly,no_lyrics,MacroF1,0.4085489252794264,0.0017535017503667,0.001537012052094
AudioIvecOnly,no_lyrics,MicroF1,0.4434996577105244,0.002335122185028,0.0020468248410642
AudioIvecOnly,no_lyrics,MacroROC_AUC,0.7061351157224077,0.0012401308224577,0.0010870225934432
AudioIvecOnly,no_visual,mAP,0.3550718414939492,0.002046898943843,0.0017941860311501
AudioIvecOnly,no_visual,MacroF1,0.4085489252794264,0.0017535017503667,0.001537012052094
AudioIvecOnly,no_visual,MicroF1,0.4434996577105244,0.002335122185028,0.0020468248410642
AudioIvecOnly,no_visual,MacroROC_AUC,0.7061351157224077,0.0012401308224577,0.0010870225934432
AudioIvecOnly,random_one_view_missing,mAP,0.3212780012813806,0.0036280871569524,0.0031801586084059
AudioIvecOnly,random_one_view_missing,MacroF1,0.3763124613778924,0.0008009931984205,0.0007021014945438
AudioIvecOnly,random_one_view_missing,MicroF1,0.4097365878820035,0.0012463758369849,0.0010924965900284
AudioIvecOnly,random_one_view_missing,MacroROC_AUC,0.6725702188660619,0.0021881130543532,0.0019179656565395
AudioIvecOnly,random_half_views_missing,mAP,0.2636962492333238,0.0025353911364023,0.002222368316774
AudioIvecOnly,random_half_views_missing,MacroF1,0.3401584391958162,0.0013218452573136,0.0011586484536269
AudioIvecOnly,random_half_views_missing,MicroF1,0.3661988818754192,0.0020814325830941,0.0018244561005815
AudioIvecOnly,random_half_views_missing,MacroROC_AUC,0.6053444977591997,0.0022692931654442,0.0019891231612931
AudioIvecOnly,keep_one_view,mAP,0.2168894451709428,0.0008415346814743,0.0007376376712545
AudioIvecOnly,keep_one_view,MacroF1,0.3158318225745519,0.0016651022047469,0.0014595264339652
AudioIvecOnly,keep_one_view,MicroF1,0.3390044584617142,0.0022077931284867,0.0019352160020969
AudioIvecOnly,keep_one_view,MacroROC_AUC,0.5381338403302888,0.0011274006520155,0.0009882102423474
LyricsTfidfOnly,observed,mAP,0.2946218454569099,0.0031812235010634,0.0027884653439991
LyricsTfidfOnly,observed,MacroF1,0.3672251854376723,0.0014980154718234,0.0013130684551266
LyricsTfidfOnly,observed,MicroF1,0.4035747612630378,0.0033682117876998,0.0029523678038058
LyricsTfidfOnly,observed,MacroROC_AUC,0.6527460184359642,0.0019555273955977,0.0017140953378605
LyricsTfidfOnly,no_audio,mAP,0.2946218454569099,0.0031812235010634,0.0027884653439991
LyricsTfidfOnly,no_audio,MacroF1,0.3672251854376723,0.0014980154718234,0.0013130684551266
LyricsTfidfOnly,no_audio,MicroF1,0.4035747612630378,0.0033682117876998,0.0029523678038058
LyricsTfidfOnly,no_audio,MacroROC_AUC,0.6527460184359642,0.0019555273955977,0.0017140953378605
LyricsTfidfOnly,no_lyrics,mAP,0.1913293581199578,0.0,0.0
LyricsTfidfOnly,no_lyrics,MacroF1,0.3054522629307673,0.0035855504514361,0.0031428735420971
LyricsTfidfOnly,no_lyrics,MicroF1,0.3238849661788737,0.00284818335265,0.0024965427828522
LyricsTfidfOnly,no_lyrics,MacroROC_AUC,0.5,0.0,0.0
LyricsTfidfOnly,no_visual,mAP,0.2946218454569099,0.0031812235010634,0.0027884653439991
LyricsTfidfOnly,no_visual,MacroF1,0.3672251854376723,0.0014980154718234,0.0013130684551266
LyricsTfidfOnly,no_visual,MicroF1,0.4035747612630378,0.0033682117876998,0.0029523678038058
LyricsTfidfOnly,no_visual,MacroROC_AUC,0.6527460184359642,0.0019555273955977,0.0017140953378605
LyricsTfidfOnly,random_one_view_missing,mAP,0.2630766094100203,0.0042371518036037,0.0037140273098267
LyricsTfidfOnly,random_one_view_missing,MacroF1,0.348248322621651,0.0028634191518167,0.0025098975496424
LyricsTfidfOnly,random_one_view_missing,MicroF1,0.3821906790833041,0.0028947176364287,0.0025373318810031
LyricsTfidfOnly,random_one_view_missing,MacroROC_AUC,0.6200927445984694,0.0031550354169418,0.0027655104761709
LyricsTfidfOnly,random_half_views_missing,mAP,0.2288242286481172,0.0036073110161314,0.003161947518037
LyricsTfidfOnly,random_half_views_missing,MacroF1,0.3262157790512656,0.0016152268862554,0.0014158087897669
LyricsTfidfOnly,random_half_views_missing,MicroF1,0.352011462777429,0.002802841649164,0.0024567990274177
LyricsTfidfOnly,random_half_views_missing,MacroROC_AUC,0.5655115554728105,0.0037037487445845,0.0032464789140724
LyricsTfidfOnly,keep_one_view,mAP,0.2030732780240969,0.0011599280855824,0.0010167217949624
LyricsTfidfOnly,keep_one_view,MacroF1,0.3125765235348353,0.0009983058593701,0.0008750536674441
LyricsTfidfOnly,keep_one_view,MicroF1,0.3321810873689929,0.0028298497528639,0.0024804726740978
LyricsTfidfOnly,keep_one_view,MacroROC_AUC,0.519812412380189,0.0014685453611999,0.0012872367642285
LyricsW2vOnly,observed,mAP,0.2986165950927271,0.0012746521370491,0.001117281859834
LyricsW2vOnly,observed,MacroF1,0.3689958809139942,0.0010420117770728,0.000913363593421
LyricsW2vOnly,observed,MicroF1,0.4067084928755948,0.0020735246477074,0.0018175244895957
LyricsW2vOnly,observed,MacroROC_AUC,0.6552865549224347,0.0021353779730841,0.001871741319745
LyricsW2vOnly,no_audio,mAP,0.2986165950927271,0.0012746521370491,0.001117281859834
LyricsW2vOnly,no_audio,MacroF1,0.3689958809139942,0.0010420117770728,0.000913363593421
LyricsW2vOnly,no_audio,MicroF1,0.4067084928755948,0.0020735246477074,0.0018175244895957
LyricsW2vOnly,no_audio,MacroROC_AUC,0.6552865549224347,0.0021353779730841,0.001871741319745
LyricsW2vOnly,no_lyrics,mAP,0.1913290762309673,3.845648304222794e-06,3.370859362113192e-06
LyricsW2vOnly,no_lyrics,MacroF1,0.3017586703158014,0.0020019698551481,0.0017548039485265
LyricsW2vOnly,no_lyrics,MicroF1,0.3271102867460722,0.0016718065096427,0.0014654030163088
LyricsW2vOnly,no_lyrics,MacroROC_AUC,0.4999995912882952,3.3233557880563514e-05,2.913049786560463e-05
LyricsW2vOnly,no_visual,mAP,0.2986165950927271,0.0012746521370491,0.001117281859834
LyricsW2vOnly,no_visual,MacroF1,0.3689958809139942,0.0010420117770728,0.000913363593421
LyricsW2vOnly,no_visual,MicroF1,0.4067084928755948,0.0020735246477074,0.0018175244895957
LyricsW2vOnly,no_visual,MacroROC_AUC,0.6552865549224347,0.0021353779730841,0.001871741319745
LyricsW2vOnly,random_one_view_missing,mAP,0.2676909440600818,0.0015480969535845,0.0013569668093983
LyricsW2vOnly,random_one_view_missing,MacroF1,0.3512646772184974,0.0015700895388819,0.0013762441603629
LyricsW2vOnly,random_one_view_missing,MicroF1,0.3851551951197193,0.0019771470479522,0.0017330457986878
LyricsW2vOnly,random_one_view_missing,MacroROC_AUC,0.623880898627744,0.0018830078717109,0.0016505291724986
LyricsW2vOnly,random_half_views_missing,mAP,0.232857521760696,0.0010311246528549,0.0009038206082873
LyricsW2vOnly,random_half_views_missing,MacroF1,0.328187902382064,0.0013421118525281,0.0011764129075792
LyricsW2vOnly,random_half_views_missing,MicroF1,0.3549942955544356,0.0019140015395218,0.0016776963201527
LyricsW2vOnly,random_half_views_missing,MacroROC_AUC,0.567307596436667,0.0015912927446846,0.001394829589693
LyricsW2vOnly,keep_one_view,mAP,0.2035501800653491,0.0005236548336539,0.0004590036994802
LyricsW2vOnly,keep_one_view,MacroF1,0.3102579855596881,0.001033878273193,0.0009062342629333
LyricsW2vOnly,keep_one_view,MicroF1,0.3349665319983338,0.0016543431634871,0.0014500957184943
LyricsW2vOnly,keep_one_view,MacroROC_AUC,0.520377741457761,0.001008657688788,0.0008841274459978
VisualResnetOnly,observed,mAP,0.3187014146648199,0.0021742050194696,0.0019057747264577
VisualResnetOnly,observed,MacroF1,0.3651777613200982,0.0016482913696809,0.0014447910873384
VisualResnetOnly,observed,MicroF1,0.4150986470237742,0.0013853943556714,0.0012143516943309
VisualResnetOnly,observed,MacroROC_AUC,0.6639824436423304,0.0009885663991956,0.0008665166541984
VisualResnetOnly,no_audio,mAP,0.3187014146648199,0.0021742050194696,0.0019057747264577
VisualResnetOnly,no_audio,MacroF1,0.3651777613200982,0.0016482913696809,0.0014447910873384
VisualResnetOnly,no_audio,MicroF1,0.4150986470237742,0.0013853943556714,0.0012143516943309
VisualResnetOnly,no_audio,MacroROC_AUC,0.6639824436423304,0.0009885663991956,0.0008665166541984
VisualResnetOnly,no_lyrics,mAP,0.3187014146648199,0.0021742050194696,0.0019057747264577
VisualResnetOnly,no_lyrics,MacroF1,0.3651777613200982,0.0016482913696809,0.0014447910873384
VisualResnetOnly,no_lyrics,MicroF1,0.4150986470237742,0.0013853943556714,0.0012143516943309
VisualResnetOnly,no_lyrics,MacroROC_AUC,0.6639824436423304,0.0009885663991956,0.0008665166541984
VisualResnetOnly,no_visual,mAP,0.1913332877019757,5.701716693985126e-05,4.9977750375488734e-05
VisualResnetOnly,no_visual,MacroF1,0.2021012817111245,0.0243306166015408,0.0213267257609678
VisualResnetOnly,no_visual,MicroF1,0.3388680752923997,0.0051693044900298,0.0045310951645518
VisualResnetOnly,no_visual,MacroROC_AUC,0.4999653170407377,0.0002216028383343,0.0001942434521247
VisualResnetOnly,random_one_view_missing,mAP,0.3002771068330317,0.0018276107734095,0.0016019714748958
VisualResnetOnly,random_one_view_missing,MacroF1,0.3482499652560643,0.0021641424476145,0.0018969544933366
VisualResnetOnly,random_one_view_missing,MicroF1,0.3997475927958808,0.0021292584662794,0.0018663773355289
VisualResnetOnly,random_one_view_missing,MacroROC_AUC,0.6439803296062502,0.0009066752544445,0.0007947359009623
VisualResnetOnly,random_half_views_missing,mAP,0.2546095860081398,0.0019171228349853,0.0016804322562558
VisualResnetOnly,random_half_views_missing,MacroF1,0.3063099957005522,0.005878497931313,0.005152730624163
VisualResnetOnly,random_half_views_missing,MicroF1,0.3711597947321858,0.0037909510229306,0.0033229150811649
VisualResnetOnly,random_half_views_missing,MacroROC_AUC,0.590686089112572,0.0013699897706499,0.0012008489802158
VisualResnetOnly,keep_one_view,mAP,0.2116008026836513,0.0002971867657594,0.0002604956856185
VisualResnetOnly,keep_one_view,MacroF1,0.2477726359709403,0.0162549059438449,0.0142480532660546
VisualResnetOnly,keep_one_view,MicroF1,0.3486032909859778,0.004727367845854,0.0041437206163267
VisualResnetOnly,keep_one_view,MacroROC_AUC,0.5314641519595636,0.0008727973707638,0.0007650406266315
VisualIncpOnly,observed,mAP,0.3138374073376764,0.0010411387039591,0.000912598311095
VisualIncpOnly,observed,MacroF1,0.3637406274702042,0.0017422879923344,0.0015271827597986
VisualIncpOnly,observed,MicroF1,0.4110758110684768,0.0020888837271164,0.0018309873162827
VisualIncpOnly,observed,MacroROC_AUC,0.6586199345666129,0.0017035137001042,0.0014931955941418
VisualIncpOnly,no_audio,mAP,0.3138374073376764,0.0010411387039591,0.000912598311095
VisualIncpOnly,no_audio,MacroF1,0.3637406274702042,0.0017422879923344,0.0015271827597986
VisualIncpOnly,no_audio,MicroF1,0.4110758110684768,0.0020888837271164,0.0018309873162827
VisualIncpOnly,no_audio,MacroROC_AUC,0.6586199345666129,0.0017035137001042,0.0014931955941418
VisualIncpOnly,no_lyrics,mAP,0.3138374073376764,0.0010411387039591,0.000912598311095
VisualIncpOnly,no_lyrics,MacroF1,0.3637406274702042,0.0017422879923344,0.0015271827597986
VisualIncpOnly,no_lyrics,MicroF1,0.4110758110684768,0.0020888837271164,0.0018309873162827
VisualIncpOnly,no_lyrics,MacroROC_AUC,0.6586199345666129,0.0017035137001042,0.0014931955941418
VisualIncpOnly,no_visual,mAP,0.1912912622546337,0.000112548287581,9.865292373873496e-05
VisualIncpOnly,no_visual,MacroF1,0.1983498684461291,0.0174800866026415,0.0153219714632672
VisualIncpOnly,no_visual,MicroF1,0.3454201277213061,0.008146205177904,0.00714046366629
VisualIncpOnly,no_visual,MacroROC_AUC,0.4998137372771068,0.0002998657405913,0.0002628439105935
VisualIncpOnly,random_one_view_missing,mAP,0.2967360353277922,0.0013177806667205,0.001155085682887
VisualIncpOnly,random_one_view_missing,MacroF1,0.3489019666589845,0.0016786433963103,0.0014713958116993
VisualIncpOnly,random_one_view_missing,MicroF1,0.3988239422781822,0.003304531827828,0.0028965498579273
VisualIncpOnly,random_one_view_missing,MacroROC_AUC,0.6394904478256797,0.0011196464300732,0.0009814133671362
VisualIncpOnly,random_half_views_missing,mAP,0.2576485653489148,0.0019600563105173,0.0017180651068173
VisualIncpOnly,random_half_views_missing,MacroF1,0.3132025362029087,0.002102466765431,0.0018428933743116
VisualIncpOnly,random_half_views_missing,MicroF1,0.3769465297169996,0.0061769749585509,0.0054143572738324
VisualIncpOnly,random_half_views_missing,MacroROC_AUC,0.5946204277274275,0.0010702514913536,0.0009381167943734
VisualIncpOnly,keep_one_view,mAP,0.2160743926606938,0.0014987565610739,0.0013137180484957
VisualIncpOnly,keep_one_view,MacroF1,0.2532748329974209,0.0085901798050087,0.0075296245853146
VisualIncpOnly,keep_one_view,MicroF1,0.3559017998851293,0.0080936702738007,0.0070944147925175
VisualIncpOnly,keep_one_view,MacroROC_AUC,0.5360952246426136,0.0016094964981579,0.0014107858831361
UniformMean,observed,mAP,0.4312866754289063,0.0016547566041056,0.0014504581151747
UniformMean,observed,MacroF1,0.4581827313771506,0.0005566847109914,0.0004879556634782
UniformMean,observed,MicroF1,0.4960342581760022,0.002375356319365,0.0020820916147465
UniformMean,observed,MacroROC_AUC,0.7605213844370674,0.0006234795231385,0.0005465038977562
UniformMean,no_audio,mAP,0.3434869613253653,0.0012196901958415,0.0010691055942415
UniformMean,no_audio,MacroF1,0.3844211282517993,0.0027113836108249,0.0023766325222182
UniformMean,no_audio,MicroF1,0.4339985333941515,0.0018174256771706,0.0015930438444171
UniformMean,no_audio,MacroROC_AUC,0.6913216851799172,0.0030634946421168,0.002685271449244
UniformMean,no_lyrics,mAP,0.4068552148855423,0.0032525313353755,0.0028509694166203
UniformMean,no_lyrics,MacroF1,0.444350630390354,0.0023144753704717,0.0020287271101645
UniformMean,no_lyrics,MicroF1,0.4774394976839909,0.0020795378457882,0.0018227952901066
UniformMean,no_lyrics,MacroROC_AUC,0.7466458072128892,0.0015764732592419,0.0013818397379712
UniformMean,no_visual,mAP,0.4041312475060935,0.001137673219255,0.0009972145445386
UniformMean,no_visual,MacroF1,0.4401873642192871,0.0009216215584485,0.0008078369140543
UniformMean,no_visual,MicroF1,0.4797486280643911,0.0023087120516112,0.0020236753384473
UniformMean,no_visual,MacroROC_AUC,0.7426843245052346,0.0011406749544882,0.0009998456814791
UniformMean,random_one_view_missing,mAP,0.4107518386950172,0.0017523720443167,0.0015360218210812
UniformMean,random_one_view_missing,MacroF1,0.4436185447321042,0.0007143111722673,0.0006261213486047
UniformMean,random_one_view_missing,MicroF1,0.481817458496367,0.0014519457719972,0.0012726865827651
UniformMean,random_one_view_missing,MacroROC_AUC,0.7450626543208598,0.0005542796600346,0.0004858475433661
UniformMean,random_half_views_missing,mAP,0.3636082379225147,0.0021848371499931,0.0019150941997634
UniformMean,random_half_views_missing,MacroF1,0.4066215637072859,0.0019526869121343,0.0017116055443281
UniformMean,random_half_views_missing,MicroF1,0.4447499248209817,0.0018686480823396,0.0016379422621493
UniformMean,random_half_views_missing,MacroROC_AUC,0.7060337855866663,0.0008450320991752,0.0007407032930347
UniformMean,keep_one_view,mAP,0.2885605215336828,0.0006549578981374,0.0005740959099931
UniformMean,keep_one_view,MacroF1,0.3445761614531633,0.0040140162351844,0.0035184403605467
UniformMean,keep_one_view,MicroF1,0.3824880914846942,0.0029604167796706,0.0025949197191412
UniformMean,keep_one_view,MacroROC_AUC,0.6343192179905991,0.0021015148608686,0.0018420589931743
EarlyConcat,observed,mAP,0.4416453116502045,0.002152496157559,0.0018867460700068
EarlyConcat,observed,MacroF1,0.4662934348176558,0.0002416543202839,0.0002118193509868
EarlyConcat,observed,MicroF1,0.5034331621312312,0.0030239594385759,0.0026506173154162
EarlyConcat,observed,MacroROC_AUC,0.7684825106433617,0.0010542980175313,0.0009241329580114
EarlyConcat,no_audio,mAP,0.3532588127995991,0.0051244010326964,0.0044917355488071
EarlyConcat,no_audio,MacroF1,0.3892826845423108,0.0031674538964519,0.0027763957534007
EarlyConcat,no_audio,MicroF1,0.4251001224364058,0.0075977746829861,0.0066597431422024
EarlyConcat,no_audio,MacroROC_AUC,0.7014168564204022,0.003126290819094,0.0027403147252597
EarlyConcat,no_lyrics,mAP,0.4147839606155795,0.0025705522004152,0.0022531883482573
EarlyConcat,no_lyrics,MacroF1,0.4419012058191127,0.0032787366964518,0.0028739394283671
EarlyConcat,no_lyrics,MicroF1,0.4654918295957159,0.007915382278621,0.0069381384744144
EarlyConcat,no_lyrics,MacroROC_AUC,0.7509363973801312,0.00114595864478,0.0010044770402196
EarlyConcat,no_visual,mAP,0.4146652972335441,0.0008963681117764,0.0007857012920717
EarlyConcat,no_visual,MacroF1,0.4468057670582716,0.0009771103921277,0.000856475021261
EarlyConcat,no_visual,MicroF1,0.4853999681314839,0.0041156465572437,0.003607523265557
EarlyConcat,no_visual,MacroROC_AUC,0.7511960602098111,0.0010044830370527,0.0008804682024133
EarlyConcat,random_one_view_missing,mAP,0.4212295505566875,0.0022218218249697,0.0019475126967337
EarlyConcat,random_one_view_missing,MacroF1,0.4495941452964273,0.0015284507012221,0.0013397461099304
EarlyConcat,random_one_view_missing,MicroF1,0.4836382990580435,0.0053244737191114,0.0046671069906949
EarlyConcat,random_one_view_missing,MacroROC_AUC,0.7536922723644219,0.0012361339186585,0.0010835191527941
EarlyConcat,random_half_views_missing,mAP,0.3702804610816121,0.0034067560573984,0.002986153345824
EarlyConcat,random_half_views_missing,MacroF1,0.4061195611556007,0.0042398214203426,0.0037163673320715
EarlyConcat,random_half_views_missing,MicroF1,0.4328075141271285,0.0091526817086365,0.0080226792429567
EarlyConcat,random_half_views_missing,MacroROC_AUC,0.71363409447741,0.0031549847884318,0.0027654660983252
EarlyConcat,keep_one_view,mAP,0.2889576802634989,0.0021941735367369,0.0019232779035693
EarlyConcat,keep_one_view,MacroF1,0.3384852717938504,0.0035341938626345,0.0030978575072252
EarlyConcat,keep_one_view,MicroF1,0.3650317473340816,0.0063478465876028,0.005564132860403
EarlyConcat,keep_one_view,MacroROC_AUC,0.6366177962792603,0.0022687447998935,0.0019886424976951
ConcatModDrop,observed,mAP,0.4455296414553157,0.0012703231383481,0.001113487325169
ConcatModDrop,observed,MacroF1,0.4691224292561156,0.0020409900524189,0.0017890066594549
ConcatModDrop,observed,MicroF1,0.5070297119800249,0.0016935978306721,0.0014845039513641
ConcatModDrop,observed,MacroROC_AUC,0.7695427286382271,0.0006997408060838,0.0006133498595412
ConcatModDrop,no_audio,mAP,0.3622858847395209,0.0024729303716325,0.0021676190425209
ConcatModDrop,no_audio,MacroF1,0.3964080294739047,0.0049754331350937,0.0043611594293692
ConcatModDrop,no_audio,MicroF1,0.4482193212921446,0.0033609539403154,0.0029460060200781
ConcatModDrop,no_audio,MacroROC_AUC,0.7075897457464096,0.0025258139638863,0.002213973554933
ConcatModDrop,no_lyrics,mAP,0.4235927048985424,0.0025293574803927,0.0022170795840978
ConcatModDrop,no_lyrics,MacroF1,0.4519010299941973,0.0027014702384387,0.0023679430681978
ConcatModDrop,no_lyrics,MicroF1,0.4910328115476593,0.0007928843280883,0.0006949937563127
ConcatModDrop,no_lyrics,MacroROC_AUC,0.7560975886563917,0.0014063009249938,0.0012326771103219
ConcatModDrop,no_visual,mAP,0.4141691515166736,0.0012420609164612,0.0010887143954299
ConcatModDrop,no_visual,MacroF1,0.4476760040024617,0.0032550734169694,0.0028531976493816
ConcatModDrop,no_visual,MicroF1,0.4861703935182902,0.0016643133338722,0.0014588349581558
ConcatModDrop,no_visual,MacroROC_AUC,0.7492886684601878,0.0014713180910671,0.0012896671691153
ConcatModDrop,random_one_view_missing,mAP,0.4306165903365569,0.0012339704758732,0.0010816228115818
ConcatModDrop,random_one_view_missing,MacroF1,0.457697645331411,0.0017573693347725,0.001540402139297
ConcatModDrop,random_one_view_missing,MicroF1,0.4959394008252594,0.0011341670585806,0.0009941412592043
ConcatModDrop,random_one_view_missing,MacroROC_AUC,0.7595844147036834,0.0008258767291009,0.0007239128708635
ConcatModDrop,random_half_views_missing,mAP,0.391414200783521,0.000888300281443,0.0007786295269855
ConcatModDrop,random_half_views_missing,MacroF1,0.4216925585138804,0.0049965314905211,0.0043796529532932
ConcatModDrop,random_half_views_missing,MicroF1,0.4680660090583858,0.0011634295637351,0.0010197909758855
ConcatModDrop,random_half_views_missing,MacroROC_AUC,0.730764854591072,0.0012415922182334,0.0010883035633194
ConcatModDrop,keep_one_view,mAP,0.312643921857858,0.0030527759198142,0.0026758760748974
ConcatModDrop,keep_one_view,MacroF1,0.3253897039903702,0.0154528521424592,0.0135450221120224
ConcatModDrop,keep_one_view,MicroF1,0.3993104763349391,0.0044330265428601,0.0038857190887912
ConcatModDrop,keep_one_view,MacroROC_AUC,0.663286447467401,0.0019870692731779,0.0017417430125642
ReliabilityGate,observed,mAP,0.4310489351982229,0.0034037998022523,0.0029835620739375
ReliabilityGate,observed,MacroF1,0.4578901329771683,0.0027694132084767,0.0024274977072403
ReliabilityGate,observed,MicroF1,0.4978829110856566,0.0021975593369464,0.0019262456883046
ReliabilityGate,observed,MacroROC_AUC,0.7619332331548943,0.0022119724455218,0.0019388793349969
ReliabilityGate,no_audio,mAP,0.3505515900599076,0.0042908157338243,0.0037610658186246
ReliabilityGate,no_audio,MacroF1,0.3786681553044789,0.0096564557780363,0.0084642566842326
ReliabilityGate,no_audio,MicroF1,0.4326659334537434,0.0076342231501751,0.006691691632324
ReliabilityGate,no_audio,MacroROC_AUC,0.6969586016477192,0.0048731995699402,0.0042715477584731
ReliabilityGate,no_lyrics,mAP,0.4058302273778532,0.0061479545833987,0.0053889197934558
ReliabilityGate,no_lyrics,MacroF1,0.4417138748762701,0.0039682306276332,0.0034783075060435
ReliabilityGate,no_lyrics,MicroF1,0.4736792955443428,0.0032927447841598,0.0028862180586162
ReliabilityGate,no_lyrics,MacroROC_AUC,0.7462573842317181,0.0038407382549252,0.0033665555141443
ReliabilityGate,no_visual,mAP,0.4043833543400947,0.0032322069419473,0.0028331543003
ReliabilityGate,no_visual,MacroF1,0.4400468946941337,0.0026376360347196,0.0023119899216261
ReliabilityGate,no_visual,MicroF1,0.4816997055160522,0.0018992585665857,0.0016647735345999
ReliabilityGate,no_visual,MacroROC_AUC,0.7447252848810477,0.0026634056207892,0.002334577959738
ReliabilityGate,random_one_view_missing,mAP,0.4062947515962588,0.0041061946478012,0.0035992383016411
ReliabilityGate,random_one_view_missing,MacroF1,0.4396766518856401,0.0035401951252822,0.0031031178458678
ReliabilityGate,random_one_view_missing,MicroF1,0.480110568301369,0.0027072110772823,0.0023729751353115
ReliabilityGate,random_one_view_missing,MacroROC_AUC,0.7427230041158835,0.0038020659709687,0.0033326577626817
ReliabilityGate,random_half_views_missing,mAP,0.3523523373259062,0.0054279406829007,0.0047577997831627
ReliabilityGate,random_half_views_missing,MacroF1,0.397176521833752,0.0051398718452987,0.0045052963139563
ReliabilityGate,random_half_views_missing,MicroF1,0.437971943126099,0.0059985706496586,0.0052579790022649
ReliabilityGate,random_half_views_missing,MacroROC_AUC,0.6958214024541836,0.006190149187548,0.0054259049946952
ReliabilityGate,keep_one_view,mAP,0.2772259844622212,0.0054429465520273,0.0047709530073866
ReliabilityGate,keep_one_view,MacroF1,0.3244519509000855,0.0108121866023291,0.0094772994174624
ReliabilityGate,keep_one_view,MicroF1,0.3642310356489635,0.0122027192288278,0.0106961550047531
ReliabilityGate,keep_one_view,MacroROC_AUC,0.618656848964324,0.0084428091813069,0.0074004485381809
RAMT,observed,mAP,0.4407795026015055,0.000648412396739,0.0005683585250523
RAMT,observed,MacroF1,0.4644374902171068,0.0007954917056908,0.000697279223549
RAMT,observed,MicroF1,0.5047850326566328,0.0019771842025196,0.001733078366102
RAMT,observed,MacroROC_AUC,0.7681708825026206,0.0011955223730223,0.0010479215635223
RAMT,no_audio,mAP,0.3607285283126952,0.0023881193164273,0.0020932788749254
RAMT,no_audio,MacroF1,0.4003026912307587,0.0011092185484234,0.0009722729258619
RAMT,no_audio,MicroF1,0.4482789620617648,0.0020917689793974,0.0018335163514139
RAMT,no_audio,MacroROC_AUC,0.7073318511749123,0.0021782186078882,0.0019092927918204
RAMT,no_lyrics,mAP,0.4194151226048533,0.0012932267109646,0.0011335631917259
RAMT,no_lyrics,MacroF1,0.4508452182589856,0.0019706910321374,0.0017273868513193
RAMT,no_lyrics,MicroF1,0.4892525953372429,0.0025114474538077,0.002201380753624
RAMT,no_lyrics,MacroROC_AUC,0.7546652989701486,0.0013612808583464,0.0011932152820069
RAMT,no_visual,mAP,0.4133307752139413,0.0015510443022609,0.0013595502744199
RAMT,no_visual,MacroF1,0.4474114244805231,0.0027373011998268,0.0023993502906202
RAMT,no_visual,MicroF1,0.4873391214248092,0.0017611703171613,0.001543733847258
RAMT,no_visual,MacroROC_AUC,0.7497924173642193,0.0012478395452622,0.0010937795869017
RAMT,random_one_view_missing,mAP,0.4274541650800064,0.0016171807556569,0.0014175214318089
RAMT,random_one_view_missing,MacroF1,0.4549901365995546,0.0009772559288864,0.0008566025898546
RAMT,random_one_view_missing,MicroF1,0.4957121756860297,0.0018008386868879,0.001578504706394
RAMT,random_one_view_missing,MacroROC_AUC,0.75903836578004,0.0012897387814782,0.0011305058867324
RAMT,random_half_views_missing,mAP,0.3922513414877326,0.0017287496648656,0.001515315892554
RAMT,random_half_views_missing,MacroF1,0.4273826530331122,0.0015346845219721,0.0013452102947374
RAMT,random_half_views_missing,MicroF1,0.468472528164345,0.0022448845022226,0.0019677280246534
RAMT,random_half_views_missing,MacroROC_AUC,0.7311757875297438,0.0016620264730358,0.001456830436252
RAMT,keep_one_view,mAP,0.3143028134100314,0.0034534130081182,0.0030270499662894
RAMT,keep_one_view,MacroF1,0.3670314635544004,0.0038027108890823,0.0033332230583325
RAMT,keep_one_view,MicroF1,0.4087910161360592,0.003573785910316,0.003132561467139
RAMT,keep_one_view,MacroROC_AUC,0.6652005969092871,0.0027136229476891,0.0023785953875237
H384,observed,mAP,0.4482081885864792,0.0035052713909748,0.0030725058430435
H384,observed,MacroF1,0.4695386235108806,0.0017466220274126,0.0015309817090429
H384,observed,MicroF1,0.5106031202205069,0.0015305226655164,0.00134156226671
H384,observed,MacroROC_AUC,0.772725399882638,0.0017179861838155,0.0015058812854354
H384,no_audio,mAP,0.3613709215575474,0.0049014902231464,0.0042963456093623
H384,no_audio,MacroF1,0.3911952002867112,0.0044385492641186,0.0038905599674119
H384,no_audio,MicroF1,0.4466637884073295,0.003142710863615,0.0027547075288707
H384,no_audio,MacroROC_AUC,0.7080495022155247,0.0026460334794915,0.0023193506065062
H384,no_lyrics,mAP,0.4201828180815538,0.0033393491856695,0.0029270686176681
H384,no_lyrics,MacroF1,0.449345498000355,0.0030479093254558,0.0026716103168621
H384,no_lyrics,MicroF1,0.487895245199638,0.0030312701153489,0.0026570254061448
H384,no_lyrics,MacroROC_AUC,0.7548309719224549,0.0013147190881268,0.0011524020909283
H384,no_visual,mAP,0.4218011359933691,0.0016279180169693,0.0014269330563141
H384,no_visual,MacroF1,0.4492361971191288,0.0022805120297258,0.0019989569294134
H384,no_visual,MicroF1,0.4943511607074784,0.0016911057882169,0.0014823195798418
H384,no_visual,MacroROC_AUC,0.7565142687948481,0.0008192012821652,0.0007180615836371
H384,random_one_view_missing,mAP,0.4315610404967093,0.0035027006682348,0.0030702525052107
H384,random_one_view_missing,MacroF1,0.4558311954224178,0.0024292678816696,0.0021293471826363
H384,random_one_view_missing,MicroF1,0.4978046141863676,0.0017163750961573,0.001504469104839
H384,random_one_view_missing,MacroROC_AUC,0.7614991038748757,0.0017993572038661,0.0015772061292702
H384,random_half_views_missing,mAP,0.3856115922046189,0.0022129935262722,0.0019397743517366
H384,random_half_views_missing,MacroF1,0.4164137219552179,0.0043300072947736,0.00379541873644
H384,random_half_views_missing,MicroF1,0.4624003720056949,0.0031068239669286,0.0027232512769977
H384,random_half_views_missing,MacroROC_AUC,0.7277918048332644,0.0009419584001949,0.0008256629418066
H384,keep_one_view,mAP,0.3003992111708536,0.002286868001163,0.0020045281840185
H384,keep_one_view,MacroF1,0.3414524102980016,0.0044015639406419,0.0038581409020062
H384,keep_one_view,MicroF1,0.3829079273221044,0.0050492202313422,0.0044258366708941
H384,keep_one_view,MacroROC_AUC,0.6519076597918685,0.0019958346768564,0.0017494262276465
AttnFusion,observed,mAP,0.4382143679275206,0.0021111336422255,0.0018504902267723
AttnFusion,observed,MacroF1,0.4631299189695623,0.0018149482487232,0.0015908722826374
AttnFusion,observed,MicroF1,0.5026545104690634,0.0028653711117881,0.0025116085179951
AttnFusion,observed,MacroROC_AUC,0.7673326017124751,0.0020341510244593,0.0017830119871392
AttnFusion,no_audio,mAP,0.3535602770290647,0.0041709370045198,0.0036559874794145
AttnFusion,no_audio,MacroF1,0.3951079950102187,0.0026751995137337,0.0023449157627045
AttnFusion,no_audio,MicroF1,0.4415724219438802,0.0028372346529324,0.0024869458244133
AttnFusion,no_audio,MacroROC_AUC,0.7038815666029794,0.0022477234882814,0.0019702165056527
AttnFusion,no_lyrics,mAP,0.4128310066371897,0.0031253923545399,0.0027395271863549
AttnFusion,no_lyrics,MacroF1,0.4462963139854269,0.0025653682776011,0.0022486444395668
AttnFusion,no_lyrics,MicroF1,0.4862538512528004,0.0044151265941863,0.0038700290919961
AttnFusion,no_lyrics,MacroROC_AUC,0.7517094891296324,0.0031917049661851,0.0027976527532573
AttnFusion,no_visual,mAP,0.4094124605041683,0.0020199389859662,0.0017705545861448
AttnFusion,no_visual,MacroF1,0.4432320474856641,0.0027411235801731,0.0024027007547179
AttnFusion,no_visual,MicroF1,0.4851442667696088,0.0021715836072819,0.001903476957365
AttnFusion,no_visual,MacroROC_AUC,0.7488052159422697,0.0020352527398803,0.0017839776832839
AttnFusion,random_one_view_missing,mAP,0.4241261911737499,0.002237726972738,0.0019614541734417
AttnFusion,random_one_view_missing,MacroF1,0.4527117351666375,0.0018767728086585,0.0016450638987656
AttnFusion,random_one_view_missing,MicroF1,0.4929388635467021,0.0027859799607345,0.0024420191058526
AttnFusion,random_one_view_missing,MacroROC_AUC,0.7578519015503082,0.0018337544388435,0.001607356635084
AttnFusion,random_half_views_missing,mAP,0.3823002649674157,0.0017758423083552,0.0015565944145705
AttnFusion,random_half_views_missing,MacroF1,0.4217401406601755,0.0016994865788724,0.0014896656667453
AttnFusion,random_half_views_missing,MicroF1,0.4643022669395101,0.0029573999367884,0.0025922753397625
AttnFusion,random_half_views_missing,MacroROC_AUC,0.7275169568193878,0.0021903373722934,0.0019199153571776
AttnFusion,keep_one_view,mAP,0.3034821430714272,0.0012858217903079,0.0011270724925909
AttnFusion,keep_one_view,MacroF1,0.3565649446700175,0.0030270424904438,0.0026533197295298
AttnFusion,keep_one_view,MicroF1,0.4012575182998675,0.0034327500636355,0.0030089380968858
AttnFusion,keep_one_view,MacroROC_AUC,0.6582214061330092,0.0025466564275592,0.0022322427798448
EvidFusion,observed,mAP,0.4362055118335616,0.0007397220016526,0.0006483949226177
EvidFusion,observed,MacroF1,0.4616810138054398,0.0011804950379681,0.0010347495235832
EvidFusion,observed,MicroF1,0.5005484371396101,0.0028563597917922,0.0025037097477567
EvidFusion,observed,MacroROC_AUC,0.7647782274710806,0.0007076879809242,0.0006203158654248
EvidFusion,no_audio,mAP,0.3607069824600851,0.0008112005837982,0.000711048662314
EvidFusion,no_audio,MacroF1,0.3955311082978661,0.0019237165193298,0.001686211875411
EvidFusion,no_audio,MicroF1,0.4190940082620787,0.0023007994451134,0.002016739633052
EvidFusion,no_audio,MacroROC_AUC,0.708757731342385,0.001282291049125,0.0011239776614909
EvidFusion,no_lyrics,mAP,0.412643409951669,0.0016838070089319,0.0014759219177212
EvidFusion,no_lyrics,MacroF1,0.4324069864465139,0.0015469832309367,0.0013559905884552
EvidFusion,no_lyrics,MicroF1,0.4499384294787827,0.002782890975418,0.0024393114908421
EvidFusion,no_lyrics,MacroROC_AUC,0.7485913441367592,0.0012832699496024,0.0011248357055911
EvidFusion,no_visual,mAP,0.4142724052426864,0.0005487294492871,0.0004809825691459
EvidFusion,no_visual,MacroF1,0.4422617064503766,0.0003662493842387,0.000321031739791
EvidFusion,no_visual,MicroF1,0.4612164403791227,0.0023124832478308,0.0020269809376798
EvidFusion,no_visual,MacroROC_AUC,0.7521821947940942,0.0005868005167728,0.0005143533311365
EvidFusion,random_one_view_missing,mAP,0.4239018438951867,0.0010523718550614,0.0009224446021658
EvidFusion,random_one_view_missing,MacroF1,0.4512818062395433,0.0015679587993036,0.0013743764847755
EvidFusion,random_one_view_missing,MicroF1,0.4787337440808933,0.0031234797746463,0.0027378507361623
EvidFusion,random_one_view_missing,MacroROC_AUC,0.7561218408489145,0.0008443638588608,0.0007401175545735
EvidFusion,random_half_views_missing,mAP,0.3919774700836701,0.001700926137996,0.0014909274959519
EvidFusion,random_half_views_missing,MacroF1,0.4002920072568446,0.0019054829234793,0.001670229423971
EvidFusion,random_half_views_missing,MicroF1,0.4120893383713694,0.0025394368328506,0.0022259145260657
EvidFusion,random_half_views_missing,MacroROC_AUC,0.734640517170756,0.0010807418089208,0.0009473119631422
EvidFusion,keep_one_view,mAP,0.3209613113307875,0.0013897566984933,0.0012181754564066
EvidFusion,keep_one_view,MacroF1,0.3226794651969178,0.001905831777174,0.0016705352077166
EvidFusion,keep_one_view,MicroF1,0.3327952000803807,0.0022535803739293,0.0019753502922752
EvidFusion,keep_one_view,MacroROC_AUC,0.676180161476,0.000726386181874,0.00063670556119
MCE,observed,mAP,0.4569570930186717,0.0030743439611055,0.0026947812966331
MCE,observed,MacroF1,0.4763331830734237,0.0019282217135545,0.001690160852262
MCE,observed,MicroF1,0.5156226583752517,0.0012034951467035,0.0010549100077791
MCE,observed,MacroROC_AUC,0.777753352977859,0.0012796605668127,0.0011216719420835
MCE,no_audio,mAP,0.3728966032236128,0.0029213417508261,0.0025606689462193
MCE,no_audio,MacroF1,0.4010006216955005,0.0033003894425403,0.0028929188971312
MCE,no_audio,MicroF1,0.4547292440096201,0.0025828088881709,0.0022639318087616
MCE,no_audio,MacroROC_AUC,0.7165362884045358,0.0012578095126207,0.0011025186486026
MCE,no_lyrics,mAP,0.4310064065228581,0.0031600255872189,0.0027698845532748
MCE,no_lyrics,MacroF1,0.4574043098811222,0.0025217864508704,0.0022104432841226
MCE,no_lyrics,MicroF1,0.4953674535664226,0.0028593111516309,0.002506296728717
MCE,no_lyrics,MacroROC_AUC,0.7613168847079278,0.0015308082479224,0.0013418125907257
MCE,no_visual,mAP,0.4272435983313632,0.0023087190309905,0.0020236814561429
MCE,no_visual,MacroF1,0.4553292490580747,0.002281788058047,0.0020000754175518
MCE,no_visual,MicroF1,0.4975534721107267,0.0011695430033753,0.0010251496419973
MCE,no_visual,MacroROC_AUC,0.7600427605229567,0.001102298406665,0.0009662071541667
MCE,random_one_view_missing,mAP,0.4417674690410562,0.0030911078102719,0.002709475458303
MCE,random_one_view_missing,MacroF1,0.464435203980666,0.0025334100500796,0.0022206318180487
MCE,random_one_view_missing,MicroF1,0.5045068655065443,0.0017229874424083,0.0015102650818765
MCE,random_one_view_missing,MacroROC_AUC,0.7678796248939544,0.0011105937223793,0.0009734783189808
MCE,random_half_views_missing,mAP,0.400047961663685,0.0020709833417368,0.0018152969366982
MCE,random_half_views_missing,MacroF1,0.4270338640600284,0.0046438143213056,0.0040704827229519
MCE,random_half_views_missing,MicroF1,0.4731459942466142,0.0032825155481875,0.0028772517379553
MCE,random_half_views_missing,MacroROC_AUC,0.7380197055938854,0.0008679297768912,0.0007607739924833
MCE,keep_one_view,mAP,0.3156087404012505,0.0022894968874241,0.0020068325044254
MCE,keep_one_view,MacroF1,0.3466104089750362,0.0052157888156883,0.0045718404724796
MCE,keep_one_view,MicroF1,0.3954572447678672,0.0035279977735401,0.0030924263956726
MCE,keep_one_view,MacroROC_AUC,0.6663677080789379,0.0017115430962777,0.0015002336702014
AA-MCE,observed,mAP,0.4595628894087179,0.001801325424301,0.0015789313505476
AA-MCE,observed,MacroF1,0.4774337782813621,0.0015639470444405,0.0013708600265949
AA-MCE,observed,MicroF1,0.5178550727577929,0.0012698146092594,0.0011130415797696
AA-MCE,observed,MacroROC_AUC,0.7799563918794399,0.0008731483834047,0.0007653483027769
AA-MCE,no_audio,mAP,0.3784732979910526,0.0023500677277504,0.0020599251868635
AA-MCE,no_audio,MacroF1,0.4142005162410617,0.0008849871498986,0.0007757254391437
AA-MCE,no_audio,MicroF1,0.4610452592977171,0.0009751002590233,0.0008547130619091
AA-MCE,no_audio,MacroROC_AUC,0.7206399874262877,0.0010545533792493,0.0009243567924262
AA-MCE,no_lyrics,mAP,0.4347002980207842,0.0017764552870604,0.0015571317140955
AA-MCE,no_lyrics,MacroF1,0.4598490100072225,0.0007890935282539,0.0006916709737541
AA-MCE,no_lyrics,MicroF1,0.4993653091050525,0.0021142533343758,0.0018532247575094
AA-MCE,no_lyrics,MacroROC_AUC,0.7640154002597542,0.0009041675081752,0.0007925377644399
AA-MCE,no_visual,mAP,0.430079555129827,0.0017587446382789,0.0015416076459719
AA-MCE,no_visual,MacroF1,0.4611424994625157,0.0004333292649187,0.0003798298476553
AA-MCE,no_visual,MicroF1,0.498753958048378,0.0023755107140526,0.0020822269476571
AA-MCE,no_visual,MacroROC_AUC,0.7622983724261261,0.0008752451400714,0.000767186191029
AA-MCE,random_one_view_missing,mAP,0.4459629614616053,0.0015438255370322,0.001353222747712
AA-MCE,random_one_view_missing,MacroF1,0.4681453325014561,0.0010161984785773,0.0008907372396784
AA-MCE,random_one_view_missing,MicroF1,0.5085780138911249,0.0005821108405263,0.0005102426486637
AA-MCE,random_one_view_missing,MacroROC_AUC,0.7707879422465617,0.0006828856635787,0.0005985756757319
AA-MCE,random_half_views_missing,mAP,0.4067966719505135,0.001147503404222,0.0010058310815711
AA-MCE,random_half_views_missing,MacroF1,0.4402256680072656,0.0015300119738408,0.0013411146257194
AA-MCE,random_half_views_missing,MicroF1,0.4811746467003078,0.0015797644531686,0.0013847245966434
AA-MCE,random_half_views_missing,MacroROC_AUC,0.7429890256603489,0.0007544625644165,0.0006613155955615
AA-MCE,keep_one_view,mAP,0.3232236803230537,0.0021221690972989,0.0018601632296334
AA-MCE,keep_one_view,MacroF1,0.3785369553495088,0.000937778012826,0.0008219986707175
AA-MCE,keep_one_view,MicroF1,0.4203620021723903,0.0015292568516383,0.0013404527319257
AA-MCE,keep_one_view,MacroROC_AUC,0.6743355487360285,0.0011876721149657,0.0010410405089453
