model,condition,metric,mean,std,ci95_across_seeds,seeds
MCE,observed,mAP,0.4569570930186717,0.0030743439611055,0.0026947812966331,5
MCE,observed,MacroF1,0.4756309825579036,0.0018383252255852,0.0016113631063111,5
MCE,observed,MicroF1,0.5161153827315446,0.0017906126285182,0.0015695411710246,5
MCE,observed,MacroROC_AUC,0.777753352977859,0.0012796605668127,0.0011216719420835,5
MCE,no_audio,mAP,0.3728966032236128,0.0029213417508261,0.0025606689462193,5
MCE,no_audio,MacroF1,0.3995329133240294,0.0034081240245615,0.0029873524219105,5
MCE,no_audio,MicroF1,0.4547695535621319,0.0023418952252334,0.0020527616725632,5
MCE,no_audio,MacroROC_AUC,0.7165362884045358,0.0012578095126207,0.0011025186486026,5
MCE,no_lyrics,mAP,0.4310064065228581,0.0031600255872189,0.0027698845532748,5
MCE,no_lyrics,MacroF1,0.4563325440248057,0.0019219824665587,0.0016846919111409,5
MCE,no_lyrics,MicroF1,0.4959084932706902,0.0035162551478219,0.0030821335304112,5
MCE,no_lyrics,MacroROC_AUC,0.7613168847079278,0.0015308082479224,0.0013418125907257,5
MCE,no_visual,mAP,0.4272435983313632,0.0023087190309905,0.0020236814561429,5
MCE,no_visual,MacroF1,0.4540008746991269,0.0025173848728563,0.0022065851308847,5
MCE,no_visual,MicroF1,0.4979140329356801,0.0019220725167699,0.0016847708436312,5
MCE,no_visual,MacroROC_AUC,0.7600427605229567,0.001102298406665,0.0009662071541667,5
MCE,random_one_view_missing,mAP,0.4417674690410562,0.0030911078102719,0.002709475458303,5
MCE,random_one_view_missing,MacroF1,0.4636031114553305,0.0024019720182837,0.0021054213034704,5
MCE,random_one_view_missing,MicroF1,0.5050101269554803,0.0023623647151565,0.0020707039715689,5
MCE,random_one_view_missing,MacroROC_AUC,0.7678796248939544,0.0011105937223793,0.0009734783189808,5
MCE,random_half_views_missing,mAP,0.400047961663685,0.0020709833417368,0.0018152969366982,5
MCE,random_half_views_missing,MacroF1,0.4256383566629161,0.0050619961069811,0.0044370352196432,5
MCE,random_half_views_missing,MicroF1,0.4734624611137062,0.003036653948744,0.0026617445441856,5
MCE,random_half_views_missing,MacroROC_AUC,0.7380197055938854,0.0008679297768912,0.0007607739924833,5
MCE,keep_one_view,mAP,0.3156087404012505,0.0022894968874241,0.0020068325044254,5
MCE,keep_one_view,MacroF1,0.341465391051428,0.0066638696219326,0.0058411392633921,5
MCE,keep_one_view,MicroF1,0.3949071210087451,0.0052060356278987,0.0045632914264488,5
MCE,keep_one_view,MacroROC_AUC,0.6663677080789379,0.0017115430962777,0.0015002336702014,5
MCE+AAT,observed,mAP,0.4569570930186717,0.0030743439611055,0.0026947812966331,5
MCE+AAT,observed,MacroF1,0.4759013169668936,0.0016694780874703,0.0014633620642877,5
MCE+AAT,observed,MicroF1,0.515847539575025,0.0016720126847374,0.0014655837367474,5
MCE+AAT,observed,MacroROC_AUC,0.777753352977859,0.0012796605668127,0.0011216719420835,5
MCE+AAT,no_audio,mAP,0.3728966032236128,0.0029213417508261,0.0025606689462193,5
MCE+AAT,no_audio,MacroF1,0.411605830196201,0.0008730589058773,0.000765269872266,5
MCE+AAT,no_audio,MicroF1,0.4572433285373399,0.0009963122076277,0.0008733061546429,5
MCE+AAT,no_audio,MacroROC_AUC,0.7165362884045358,0.0012578095126207,0.0011025186486026,5
MCE+AAT,no_lyrics,mAP,0.4310064065228581,0.0031600255872189,0.0027698845532748,5
MCE+AAT,no_lyrics,MacroF1,0.4580825055141618,0.0025440367531209,0.0022299465339566,5
MCE+AAT,no_lyrics,MicroF1,0.4986715247114009,0.0024070525633962,0.0021098745976103,5
MCE+AAT,no_lyrics,MacroROC_AUC,0.7613168847079278,0.0015308082479224,0.0013418125907257,5
MCE+AAT,no_visual,mAP,0.4272435983313632,0.0023087190309905,0.0020236814561429,5
MCE+AAT,no_visual,MacroF1,0.4583215848791486,0.001343840802905,0.0011779283994036,5
MCE+AAT,no_visual,MicroF1,0.4961730248932633,0.001756373500917,0.0015395292524364,5
MCE+AAT,no_visual,MacroROC_AUC,0.7600427605229567,0.001102298406665,0.0009662071541667,5
MCE+AAT,random_one_view_missing,mAP,0.4417674690410562,0.0030911078102719,0.002709475458303,5
MCE+AAT,random_one_view_missing,MacroF1,0.4653538381978112,0.0015776318511885,0.0013828552885887,5
MCE+AAT,random_one_view_missing,MicroF1,0.5050084922521174,0.0011871072832976,0.0010405454121591,5
MCE+AAT,random_one_view_missing,MacroROC_AUC,0.7678796248939544,0.0011105937223793,0.0009734783189808,5
MCE+AAT,random_half_views_missing,mAP,0.400047961663685,0.0020709833417368,0.0018152969366982,5
MCE+AAT,random_half_views_missing,MacroF1,0.4356980353204951,0.0021143755335455,0.0018533318698043,5
MCE+AAT,random_half_views_missing,MicroF1,0.4756975062625603,0.0020640835675691,0.0018092490179833,5
MCE+AAT,random_half_views_missing,MacroROC_AUC,0.7380197055938854,0.0008679297768912,0.0007607739924833,5
MCE+AAT,keep_one_view,mAP,0.3156087404012505,0.0022894968874241,0.0020068325044254,5
MCE+AAT,keep_one_view,MacroF1,0.3726671140583796,0.0012552626133165,0.0011002861929319,5
MCE+AAT,keep_one_view,MicroF1,0.4131014710885448,0.0013283192937912,0.0011643231968027,5
MCE+AAT,keep_one_view,MacroROC_AUC,0.6663677080789379,0.0017115430962777,0.0015002336702014,5
AA-MCE-w,observed,mAP,0.4594915723821476,0.0017655877191098,0.001547605870786,5
AA-MCE-w,observed,MacroF1,0.4769500926709646,0.0017081323045177,0.0014972439794063,5
AA-MCE-w,observed,MicroF1,0.5179052256887344,0.0013670744700178,0.0011982936065436,5
AA-MCE-w,observed,MacroROC_AUC,0.7798828794284559,0.0008611273864652,0.0007548114343818,5
AA-MCE-w,no_audio,mAP,0.3777045948481047,0.0021505682178012,0.0018850561562996,5
AA-MCE-w,no_audio,MacroF1,0.4052101583708072,0.0025962156449742,0.0022756833492331,5
AA-MCE-w,no_audio,MicroF1,0.4587753353234077,0.0014879916210931,0.001304282162568,5
AA-MCE-w,no_audio,MacroROC_AUC,0.7201280170187714,0.0010063972184731,0.000882146056406,5
AA-MCE-w,no_lyrics,mAP,0.4339540850130709,0.0015711599446785,0.0013771824124117,5
AA-MCE-w,no_lyrics,MacroF1,0.4596093243809268,0.0017694667162372,0.0015510059616804,5
AA-MCE-w,no_lyrics,MicroF1,0.4987761135813138,0.0014242457969517,0.0012484064841117,5
AA-MCE-w,no_lyrics,MacroROC_AUC,0.7636943682455938,0.0007725584481698,0.0006771773370262,5
AA-MCE-w,no_visual,mAP,0.4293434598608117,0.0019297171862688,0.0016914716918918,5
AA-MCE-w,no_visual,MacroF1,0.4568958982864545,0.0033267639129283,0.0029160371397251,5
AA-MCE-w,no_visual,MicroF1,0.4999321436699846,0.0013908799810126,0.0012191600569464,5
AA-MCE-w,no_visual,MacroROC_AUC,0.761760776684677,0.0009577801682802,0.0008395313330001,5
AA-MCE-w,random_one_view_missing,mAP,0.4455478014673108,0.0014100354049653,0.001235950526344,5
AA-MCE-w,random_one_view_missing,MacroF1,0.4660658044544677,0.0019618295051692,0.0017196193804586,5
AA-MCE-w,random_one_view_missing,MicroF1,0.5076339407837539,0.0014491847891125,0.0012702664745624,5
AA-MCE-w,random_one_view_missing,MacroROC_AUC,0.7707631635918071,0.0006830646127661,0.0005987325316104,5
AA-MCE-w,random_half_views_missing,mAP,0.4060639956708871,0.0012762170342396,0.0011186535527004,5
AA-MCE-w,random_half_views_missing,MacroF1,0.434162612008562,0.0020510040516517,0.0017977843167953,5
AA-MCE-w,random_half_views_missing,MicroF1,0.479205235071283,0.0019181238161875,0.0016813096549645,5
AA-MCE-w,random_half_views_missing,MacroROC_AUC,0.7422682400654869,0.0007780181009058,0.0006819629336495,5
AA-MCE-w,keep_one_view,mAP,0.3217439360592177,0.0025225062826632,0.0022110742445085,5
AA-MCE-w,keep_one_view,MacroF1,0.3699134859793899,0.0029117753884359,0.0025522836598714,5
AA-MCE-w,keep_one_view,MicroF1,0.4143305129599948,0.002330907666511,0.0020431306527049,5
AA-MCE-w,keep_one_view,MacroROC_AUC,0.6724226589331473,0.0016402272004951,0.0014377225313896,5
AA-MCE-2,observed,mAP,0.4569570930186717,0.0030743439611055,0.0026947812966331,5
AA-MCE-2,observed,MacroF1,0.4759013169668936,0.0016694780874703,0.0014633620642877,5
AA-MCE-2,observed,MicroF1,0.515847539575025,0.0016720126847374,0.0014655837367474,5
AA-MCE-2,observed,MacroROC_AUC,0.777753352977859,0.0012796605668127,0.0011216719420835,5
AA-MCE-2,no_audio,mAP,0.3728966032236128,0.0029213417508261,0.0025606689462193,5
AA-MCE-2,no_audio,MacroF1,0.411605830196201,0.0008730589058773,0.000765269872266,5
AA-MCE-2,no_audio,MicroF1,0.4572433285373399,0.0009963122076277,0.0008733061546429,5
AA-MCE-2,no_audio,MacroROC_AUC,0.7165362884045358,0.0012578095126207,0.0011025186486026,5
AA-MCE-2,no_lyrics,mAP,0.4310043555031836,0.0031593049500518,0.0027692528869472,5
AA-MCE-2,no_lyrics,MacroF1,0.4580763612426612,0.0025489667916832,0.0022342679032885,5
AA-MCE-2,no_lyrics,MicroF1,0.4986673075558975,0.0024169794735948,0.0021185759180464,5
AA-MCE-2,no_lyrics,MacroROC_AUC,0.7613158563872143,0.0015252230041407,0.0013369169086972,5
AA-MCE-2,no_visual,mAP,0.4272435983313632,0.0023087190309905,0.0020236814561429,5
AA-MCE-2,no_visual,MacroF1,0.4583215848791486,0.001343840802905,0.0011779283994036,5
AA-MCE-2,no_visual,MicroF1,0.4961730248932633,0.001756373500917,0.0015395292524364,5
AA-MCE-2,no_visual,MacroROC_AUC,0.7600427605229567,0.001102298406665,0.0009662071541667,5
AA-MCE-2,random_one_view_missing,mAP,0.4417677423304909,0.0030913236106709,0.0027096646156928,5
AA-MCE-2,random_one_view_missing,MacroF1,0.4653521737724765,0.0015789347620671,0.0013839973403277,5
AA-MCE-2,random_one_view_missing,MicroF1,0.5050077443211991,0.0011897462653952,0.0010428585819569,5
AA-MCE-2,random_one_view_missing,MacroROC_AUC,0.7678797024818005,0.0011103546170466,0.000973268733916,5
AA-MCE-2,random_half_views_missing,mAP,0.4005207070398613,0.001982262558146,0.0017375297410727,5
AA-MCE-2,random_half_views_missing,MacroF1,0.4358943451218494,0.0018124813852745,0.0015887099814873,5
AA-MCE-2,random_half_views_missing,MicroF1,0.4760384629438113,0.0017421580677717,0.0015270688758982,5
AA-MCE-2,random_half_views_missing,MacroROC_AUC,0.7383555821596756,0.0008004126483153,0.0007015926199399,5
AA-MCE-2,keep_one_view,mAP,0.3164344987615889,0.0020480311152701,0.0017951784231613,5
AA-MCE-2,keep_one_view,MacroF1,0.3734641815552081,0.0009950146854791,0.000872168826334,5
AA-MCE-2,keep_one_view,MicroF1,0.4130100375569787,0.0015938529986893,0.0013970737512748,5
AA-MCE-2,keep_one_view,MacroROC_AUC,0.6680239444266383,0.0012954805131294,0.0011355387364264,5
AA-MCE,observed,mAP,0.4595628894087179,0.001801325424301,0.0015789313505476,5
AA-MCE,observed,MacroF1,0.4774337782813621,0.0015639470444405,0.0013708600265949,5
AA-MCE,observed,MicroF1,0.5178550727577929,0.0012698146092594,0.0011130415797696,5
AA-MCE,observed,MacroROC_AUC,0.7799563918794399,0.0008731483834047,0.0007653483027769,5
AA-MCE,no_audio,mAP,0.3784732979910526,0.0023500677277504,0.0020599251868635,5
AA-MCE,no_audio,MacroF1,0.4142005162410617,0.0008849871498986,0.0007757254391437,5
AA-MCE,no_audio,MicroF1,0.4610452592977171,0.0009751002590233,0.0008547130619091,5
AA-MCE,no_audio,MacroROC_AUC,0.7206399874262877,0.0010545533792493,0.0009243567924262,5
AA-MCE,no_lyrics,mAP,0.4347002980207842,0.0017764552870604,0.0015571317140955,5
AA-MCE,no_lyrics,MacroF1,0.4598490100072225,0.0007890935282539,0.0006916709737541,5
AA-MCE,no_lyrics,MicroF1,0.4993653091050525,0.0021142533343758,0.0018532247575094,5
AA-MCE,no_lyrics,MacroROC_AUC,0.7640154002597542,0.0009041675081752,0.0007925377644399,5
AA-MCE,no_visual,mAP,0.430079555129827,0.0017587446382789,0.0015416076459719,5
AA-MCE,no_visual,MacroF1,0.4611424994625157,0.0004333292649187,0.0003798298476553,5
AA-MCE,no_visual,MicroF1,0.498753958048378,0.0023755107140526,0.0020822269476571,5
AA-MCE,no_visual,MacroROC_AUC,0.7622983724261261,0.0008752451400714,0.000767186191029,5
AA-MCE,random_one_view_missing,mAP,0.4459629614616053,0.0015438255370322,0.001353222747712,5
AA-MCE,random_one_view_missing,MacroF1,0.4681453325014561,0.0010161984785773,0.0008907372396784,5
AA-MCE,random_one_view_missing,MicroF1,0.5085780138911249,0.0005821108405263,0.0005102426486637,5
AA-MCE,random_one_view_missing,MacroROC_AUC,0.7707879422465617,0.0006828856635787,0.0005985756757319,5
AA-MCE,random_half_views_missing,mAP,0.4067966719505135,0.001147503404222,0.0010058310815711,5
AA-MCE,random_half_views_missing,MacroF1,0.4402256680072656,0.0015300119738408,0.0013411146257194,5
AA-MCE,random_half_views_missing,MicroF1,0.4811746467003078,0.0015797644531686,0.0013847245966434,5
AA-MCE,random_half_views_missing,MacroROC_AUC,0.7429890256603489,0.0007544625644165,0.0006613155955615,5
AA-MCE,keep_one_view,mAP,0.3232236803230537,0.0021221690972989,0.0018601632296334,5
AA-MCE,keep_one_view,MacroF1,0.3785369553495088,0.000937778012826,0.0008219986707175,5
AA-MCE,keep_one_view,MicroF1,0.4203620021723903,0.0015292568516383,0.0013404527319257,5
AA-MCE,keep_one_view,MacroROC_AUC,0.6743355487360285,0.0011876721149657,0.0010410405089453,5
RAMT,observed,mAP,0.4407795026015055,0.000648412396739,0.0005683585250523,5
RAMT,observed,MacroF1,0.4644535482145837,0.0006182928962336,0.0005419576188256,5
RAMT,observed,MicroF1,0.5061122471080474,0.0016722567203621,0.0014657976434037,5
RAMT,observed,MacroROC_AUC,0.7681708825026206,0.0011955223730223,0.0010479215635223,5
RAMT,no_audio,mAP,0.3607285283126952,0.0023881193164273,0.0020932788749254,5
RAMT,no_audio,MacroF1,0.4002728969665618,0.001147448792072,0.001005783211911,5
RAMT,no_audio,MicroF1,0.4489438205196134,0.0016545254408734,0.0014502554916679,5
RAMT,no_audio,MacroROC_AUC,0.7073318511749123,0.0021782186078882,0.0019092927918204,5
RAMT,no_lyrics,mAP,0.4194151226048533,0.0012932267109646,0.0011335631917259,5
RAMT,no_lyrics,MacroF1,0.4507447931495962,0.0019873373952371,0.0017419780319112,5
RAMT,no_lyrics,MicroF1,0.4902524154326199,0.00233729104103,0.0020487259271702,5
RAMT,no_lyrics,MacroROC_AUC,0.7546652989701486,0.0013612808583464,0.0011932152820069,5
RAMT,no_visual,mAP,0.4133307752139413,0.0015510443022609,0.0013595502744199,5
RAMT,no_visual,MacroF1,0.4467913556852402,0.0029772816204951,0.0026097024039024,5
RAMT,no_visual,MicroF1,0.4881689611809511,0.0019734386786953,0.0017297952697161,5
RAMT,no_visual,MacroROC_AUC,0.7497924173642193,0.0012478395452622,0.0010937795869017,5
RAMT,random_one_view_missing,mAP,0.4274541650800064,0.0016171807556569,0.0014175214318089,5
RAMT,random_one_view_missing,MacroF1,0.4550097700815391,0.0009431874334169,0.0008267402369244,5
RAMT,random_one_view_missing,MicroF1,0.4968996788669171,0.0016233746142522,0.0014229505882429,5
RAMT,random_one_view_missing,MacroROC_AUC,0.75903836578004,0.0012897387814782,0.0011305058867324,5
RAMT,random_half_views_missing,mAP,0.3922513414877326,0.0017287496648656,0.001515315892554,5
RAMT,random_half_views_missing,MacroF1,0.4270508820708339,0.0014700036326793,0.0012885149955383,5
RAMT,random_half_views_missing,MicroF1,0.4692297274356128,0.0017245006143812,0.0015115914355907,5
RAMT,random_half_views_missing,MacroROC_AUC,0.7311757875297438,0.0016620264730358,0.001456830436252,5
RAMT,keep_one_view,mAP,0.3143028134100314,0.0034534130081182,0.0030270499662894,5
RAMT,keep_one_view,MacroF1,0.3668692202327976,0.0036659886913319,0.0032133807680769,5
RAMT,keep_one_view,MicroF1,0.4091901055437579,0.003923687254858,0.0034392635183303,5
RAMT,keep_one_view,MacroROC_AUC,0.6652005969092871,0.0027136229476891,0.0023785953875237,5
RAMT+AAT,observed,mAP,0.4407795026015055,0.000648412396739,0.0005683585250523,5
RAMT+AAT,observed,MacroF1,0.4643839426024027,0.0003967935920842,0.0003478049184151,5
RAMT+AAT,observed,MicroF1,0.505858457076114,0.0015096532576624,0.0013232694241821,5
RAMT+AAT,observed,MacroROC_AUC,0.7681708825026206,0.0011955223730223,0.0010479215635223,5
RAMT+AAT,no_audio,mAP,0.3607285283126952,0.0023881193164273,0.0020932788749254,5
RAMT+AAT,no_audio,MacroF1,0.403999795297988,0.0012834146888339,0.0011249625751213,5
RAMT+AAT,no_audio,MicroF1,0.4492321202125501,0.0008462355967343,0.0007417582051569,5
RAMT+AAT,no_audio,MacroROC_AUC,0.7073318511749123,0.0021782186078882,0.0019092927918204,5
RAMT+AAT,no_lyrics,mAP,0.4194151226048533,0.0012932267109646,0.0011335631917259,5
RAMT+AAT,no_lyrics,MacroF1,0.4502145316010336,0.001100896581815,0.0009649784005091,5
RAMT+AAT,no_lyrics,MicroF1,0.4909104322289431,0.001888244027913,0.0016551188657724,5
RAMT+AAT,no_lyrics,MacroROC_AUC,0.7546652989701486,0.0013612808583464,0.0011932152820069,5
RAMT+AAT,no_visual,mAP,0.4133307752139413,0.0015510443022609,0.0013595502744199,5
RAMT+AAT,no_visual,MacroF1,0.4480651677754522,0.0021631795482573,0.0018961104748367,5
RAMT+AAT,no_visual,MicroF1,0.4867649645507308,0.001443522374938,0.001265303149702,5
RAMT+AAT,no_visual,MacroROC_AUC,0.7497924173642193,0.0012478395452622,0.0010937795869017,5
RAMT+AAT,random_one_view_missing,mAP,0.4274541650800064,0.0016171807556569,0.0014175214318089,5
RAMT+AAT,random_one_view_missing,MacroF1,0.4561903818085988,0.0009309049437673,0.0008159741600628,5
RAMT+AAT,random_one_view_missing,MicroF1,0.4971299089405524,0.0017085717390074,0.0014976291607194,5
RAMT+AAT,random_one_view_missing,MacroROC_AUC,0.75903836578004,0.0012897387814782,0.0011305058867324,5
RAMT+AAT,random_half_views_missing,mAP,0.3922513414877326,0.0017287496648656,0.001515315892554,5
RAMT+AAT,random_half_views_missing,MacroF1,0.4278648630981975,0.001144487416241,0.0010031874515463,5
RAMT+AAT,random_half_views_missing,MicroF1,0.4697381195067284,0.0008176914886446,0.0007167381912671,5
RAMT+AAT,random_half_views_missing,MacroROC_AUC,0.7311757875297438,0.0016620264730358,0.001456830436252,5
RAMT+AAT,keep_one_view,mAP,0.3143028134100314,0.0034534130081182,0.0030270499662894,5
RAMT+AAT,keep_one_view,MacroF1,0.3728090098863773,0.0025945523101031,0.0022742253719353,5
RAMT+AAT,keep_one_view,MicroF1,0.4145231811140307,0.001930066553908,0.0016917779261297,5
RAMT+AAT,keep_one_view,MacroROC_AUC,0.6652005969092871,0.0027136229476891,0.0023785953875237,5
AttnFusion,observed,mAP,0.4382143679275206,0.0021111336422255,0.0018504902267723,5
AttnFusion,observed,MacroF1,0.4627140378329054,0.0019158919537824,0.0016793533413113,5
AttnFusion,observed,MicroF1,0.5024089904333577,0.002427554787024,0.0021278455889731,5
AttnFusion,observed,MacroROC_AUC,0.7673326017124751,0.0020341510244593,0.0017830119871392,5
AttnFusion,no_audio,mAP,0.3535602770290647,0.0041709370045198,0.0036559874794145,5
AttnFusion,no_audio,MacroF1,0.3938829593091258,0.0019890464063938,0.0017434760462385,5
AttnFusion,no_audio,MicroF1,0.4406486444624086,0.0021702225546308,0.0019022839421154,5
AttnFusion,no_audio,MacroROC_AUC,0.7038815666029794,0.0022477234882814,0.0019702165056527,5
AttnFusion,no_lyrics,mAP,0.4128310066371897,0.0031253923545399,0.0027395271863549,5
AttnFusion,no_lyrics,MacroF1,0.4458698366185276,0.0027647123157686,0.0024233771931054,5
AttnFusion,no_lyrics,MicroF1,0.4859864768836063,0.0043798439677558,0.0038391025063558,5
AttnFusion,no_lyrics,MacroROC_AUC,0.7517094891296324,0.0031917049661851,0.0027976527532573,5
AttnFusion,no_visual,mAP,0.4094124605041683,0.0020199389859662,0.0017705545861448,5
AttnFusion,no_visual,MacroF1,0.4427082867122417,0.0026858267336704,0.0023542309316911,5
AttnFusion,no_visual,MicroF1,0.4849078271095785,0.0021921202436897,0.0019214781128594,5
AttnFusion,no_visual,MacroROC_AUC,0.7488052159422697,0.0020352527398803,0.0017839776832839,5
AttnFusion,random_one_view_missing,mAP,0.4241261911737499,0.002237726972738,0.0019614541734417,5
AttnFusion,random_one_view_missing,MacroF1,0.4522580255304743,0.0020601830909098,0.001805830099449,5
AttnFusion,random_one_view_missing,MicroF1,0.4927091975850747,0.0025887912298937,0.0022691755624822,5
AttnFusion,random_one_view_missing,MacroROC_AUC,0.7578519015503082,0.0018337544388435,0.001607356635084,5
AttnFusion,random_half_views_missing,mAP,0.3823002649674157,0.0017758423083552,0.0015565944145705,5
AttnFusion,random_half_views_missing,MacroF1,0.4209226812453875,0.0016470502266985,0.0014437031775477,5
AttnFusion,random_half_views_missing,MicroF1,0.4635995745816185,0.0022909550550269,0.0020081106446833,5
AttnFusion,random_half_views_missing,MacroROC_AUC,0.7275169568193878,0.0021903373722934,0.0019199153571776,5
AttnFusion,keep_one_view,mAP,0.3034821430714272,0.0012858217903079,0.0011270724925909,5
AttnFusion,keep_one_view,MacroF1,0.3559098393832956,0.002625668866981,0.002301500236606,5
AttnFusion,keep_one_view,MicroF1,0.4006479592396479,0.0025356101382825,0.0022225602803858,5
AttnFusion,keep_one_view,MacroROC_AUC,0.6582214061330092,0.0025466564275592,0.0022322427798448,5
AttnFusion+AAT,observed,mAP,0.4382143679275206,0.0021111336422255,0.0018504902267723,5
AttnFusion+AAT,observed,MacroF1,0.4631343699475622,0.001985289543349,0.0017401830105876,5
AttnFusion+AAT,observed,MicroF1,0.5023867277439422,0.0024030496991561,0.0021063659324043,5
AttnFusion+AAT,observed,MacroROC_AUC,0.7673326017124751,0.0020341510244593,0.0017830119871392,5
AttnFusion+AAT,no_audio,mAP,0.3535602770290647,0.0041709370045198,0.0036559874794145,5
AttnFusion+AAT,no_audio,MacroF1,0.3996592386022254,0.0017409318678712,0.0015259940642962,5
AttnFusion+AAT,no_audio,MicroF1,0.4439638774020156,0.0016197565712972,0.0014197792337656,5
AttnFusion+AAT,no_audio,MacroROC_AUC,0.7038815666029794,0.0022477234882814,0.0019702165056527,5
AttnFusion+AAT,no_lyrics,mAP,0.4128310066371897,0.0031253923545399,0.0027395271863549,5
AttnFusion+AAT,no_lyrics,MacroF1,0.4458897629382526,0.0030390902753311,0.0026638800785963,5
AttnFusion+AAT,no_lyrics,MicroF1,0.4839226941145984,0.0049904824314705,0.0043743507192563,5
AttnFusion+AAT,no_lyrics,MacroROC_AUC,0.7517094891296324,0.0031917049661851,0.0027976527532573,5
AttnFusion+AAT,no_visual,mAP,0.4094124605041683,0.0020199389859662,0.0017705545861448,5
AttnFusion+AAT,no_visual,MacroF1,0.4471331881892141,0.0017511596056943,0.0015349590717714,5
AttnFusion+AAT,no_visual,MicroF1,0.4841312975885936,0.0024482665776724,0.0021460002739287,5
AttnFusion+AAT,no_visual,MacroROC_AUC,0.7488052159422697,0.0020352527398803,0.0017839776832839,5
AttnFusion+AAT,random_one_view_missing,mAP,0.4241261911737499,0.002237726972738,0.0019614541734417,5
AttnFusion+AAT,random_one_view_missing,MacroF1,0.4530971486262875,0.0019312169206455,0.0016927862670335,5
AttnFusion+AAT,random_one_view_missing,MicroF1,0.4927423080093671,0.0023127913933976,0.0020272510391781,5
AttnFusion+AAT,random_one_view_missing,MacroROC_AUC,0.7578519015503082,0.0018337544388435,0.001607356635084,5
AttnFusion+AAT,random_half_views_missing,mAP,0.3823002649674157,0.0017758423083552,0.0015565944145705,5
AttnFusion+AAT,random_half_views_missing,MacroF1,0.4239943259552778,0.0020522303909496,0.0017988592505845,5
AttnFusion+AAT,random_half_views_missing,MicroF1,0.4645611700742799,0.0016935587322696,0.0014844696801034,5
AttnFusion+AAT,random_half_views_missing,MacroROC_AUC,0.7275169568193878,0.0021903373722934,0.0019199153571776,5
AttnFusion+AAT,keep_one_view,mAP,0.3034821430714272,0.0012858217903079,0.0011270724925909,5
AttnFusion+AAT,keep_one_view,MacroF1,0.3669466512234748,0.0020417884272531,0.001789706465852,5
AttnFusion+AAT,keep_one_view,MicroF1,0.4082133449945253,0.0016028071653228,0.0014049224243823,5
AttnFusion+AAT,keep_one_view,MacroROC_AUC,0.6582214061330092,0.0025466564275592,0.0022322427798448,5
EvidFusion,observed,mAP,0.4362055118335616,0.0007397220016526,0.0006483949226177,5
EvidFusion,observed,MacroF1,0.4614786186942969,0.0016496396793217,0.0014459729328469,5
EvidFusion,observed,MicroF1,0.498296262821927,0.002746760666887,0.0024076418790801,5
EvidFusion,observed,MacroROC_AUC,0.7647782274710806,0.0007076879809242,0.0006203158654248,5
EvidFusion,no_audio,mAP,0.3607069824600851,0.0008112005837982,0.000711048662314,5
EvidFusion,no_audio,MacroF1,0.3929656815517692,0.0023165683400033,0.0020305616788463,5
EvidFusion,no_audio,MicroF1,0.4154154911604945,0.0028783042645825,0.0025229449262494,5
EvidFusion,no_audio,MacroROC_AUC,0.708757731342385,0.001282291049125,0.0011239776614909,5
EvidFusion,no_lyrics,mAP,0.412643409951669,0.0016838070089319,0.0014759219177212,5
EvidFusion,no_lyrics,MacroF1,0.4291583176943246,0.0014937433483155,0.0013093237737665,5
EvidFusion,no_lyrics,MicroF1,0.4456466335081636,0.0030278710813764,0.0026540460215048,5
EvidFusion,no_lyrics,MacroROC_AUC,0.7485913441367592,0.0012832699496024,0.0011248357055911,5
EvidFusion,no_visual,mAP,0.4142724052426864,0.0005487294492871,0.0004809825691459,5
EvidFusion,no_visual,MacroF1,0.4389962992266455,0.0014925219538027,0.0013082531742725,5
EvidFusion,no_visual,MicroF1,0.456517109346059,0.0026136447431567,0.0022909606273755,5
EvidFusion,no_visual,MacroROC_AUC,0.7521821947940942,0.0005868005167728,0.0005143533311365,5
EvidFusion,random_one_view_missing,mAP,0.4239018438951867,0.0010523718550614,0.0009224446021658,5
EvidFusion,random_one_view_missing,MacroF1,0.4489656925701729,0.0013493377330918,0.0011827466711531,5
EvidFusion,random_one_view_missing,MicroF1,0.4747972909899608,0.0024791109642999,0.0021730365708563,5
EvidFusion,random_one_view_missing,MacroROC_AUC,0.7561218408489145,0.0008443638588608,0.0007401175545735,5
EvidFusion,random_half_views_missing,mAP,0.3919774700836701,0.001700926137996,0.0014909274959519,5
EvidFusion,random_half_views_missing,MacroF1,0.3959705333586004,0.0032773066774655,0.0028726859614593,5
EvidFusion,random_half_views_missing,MicroF1,0.4071621837349301,0.0035968468362287,0.0031527752599413,5
EvidFusion,random_half_views_missing,MacroROC_AUC,0.734640517170756,0.0010807418089208,0.0009473119631422,5
EvidFusion,keep_one_view,mAP,0.3209613113307875,0.0013897566984933,0.0012181754564066,5
EvidFusion,keep_one_view,MacroF1,0.3212527314224775,0.0018509202248736,0.0016224031099487,5
EvidFusion,keep_one_view,MicroF1,0.331422777053575,0.0020071375059726,0.0017593335941893,5
EvidFusion,keep_one_view,MacroROC_AUC,0.676180161476,0.000726386181874,0.00063670556119,5
EvidFusion+AAT,observed,mAP,0.4362055118335616,0.0007397220016526,0.0006483949226177,5
EvidFusion+AAT,observed,MacroF1,0.4629090966138403,0.0017325083871104,0.0015186105578656,5
EvidFusion+AAT,observed,MicroF1,0.5019591116835355,0.002431057428832,0.0021309157898851,5
EvidFusion+AAT,observed,MacroROC_AUC,0.7647782274710806,0.0007076879809242,0.0006203158654248,5
EvidFusion+AAT,no_audio,mAP,0.3607069824600851,0.0008112005837982,0.000711048662314,5
EvidFusion+AAT,no_audio,MacroF1,0.408395405085587,0.0016336572255404,0.0014319636944309,5
EvidFusion+AAT,no_audio,MicroF1,0.4506032862636693,0.0030868676857161,0.002705758825261,5
EvidFusion+AAT,no_audio,MacroROC_AUC,0.708757731342385,0.001282291049125,0.0011239776614909,5
EvidFusion+AAT,no_lyrics,mAP,0.412643409951669,0.0016838070089319,0.0014759219177212,5
EvidFusion+AAT,no_lyrics,MacroF1,0.4462641250118573,0.0010809757700471,0.0009475170391113,5
EvidFusion+AAT,no_lyrics,MicroF1,0.4881208791837351,0.0024472694712168,0.0021451262715851,5
EvidFusion+AAT,no_lyrics,MacroROC_AUC,0.7485913441367592,0.0012832699496024,0.0011248357055911,5
EvidFusion+AAT,no_visual,mAP,0.4142724052426864,0.0005487294492871,0.0004809825691459,5
EvidFusion+AAT,no_visual,MacroF1,0.4504089622841611,0.0011044745664617,0.000968114642331,5
EvidFusion+AAT,no_visual,MicroF1,0.4855160507623891,0.0029765822152639,0.0026090893481872,5
EvidFusion+AAT,no_visual,MacroROC_AUC,0.7521821947940942,0.0005868005167728,0.0005143533311365,5
EvidFusion+AAT,random_one_view_missing,mAP,0.4239018438951867,0.0010523718550614,0.0009224446021658,5
EvidFusion+AAT,random_one_view_missing,MacroF1,0.4555495049739108,0.0020355159399845,0.0017842083883472,5
EvidFusion+AAT,random_one_view_missing,MicroF1,0.4945241814203187,0.0021061939481238,0.001846160393987,5
EvidFusion+AAT,random_one_view_missing,MacroROC_AUC,0.7561218408489145,0.0008443638588608,0.0007401175545735,5
EvidFusion+AAT,random_half_views_missing,mAP,0.3919774700836701,0.001700926137996,0.0014909274959519,5
EvidFusion+AAT,random_half_views_missing,MacroF1,0.4326749365743997,0.0008815967985063,0.0007727536651208,5
EvidFusion+AAT,random_half_views_missing,MicroF1,0.4719036838271321,0.000781780218757,0.0006852605753412,5
EvidFusion+AAT,random_half_views_missing,MacroROC_AUC,0.734640517170756,0.0010807418089208,0.0009473119631422,5
EvidFusion+AAT,keep_one_view,mAP,0.3209613113307875,0.0013897566984933,0.0012181754564066,5
EvidFusion+AAT,keep_one_view,MacroF1,0.3804232571992855,0.0005568698015975,0.0004881179025476,5
EvidFusion+AAT,keep_one_view,MicroF1,0.4202195402013656,0.0015040622718816,0.0013183687090694,5
EvidFusion+AAT,keep_one_view,MacroROC_AUC,0.676180161476,0.000726386181874,0.00063670556119,5
