model,condition,group,AP
AA-MCE,no_audio,era_origin,0.37253322778558023
AA-MCE,no_audio,genre_content,0.4239864542517556
AA-MCE,no_audio,mood_affect,0.3277615151650093
AA-MCE,no_audio,preference_context,0.3016732493968016
AA-MCE,no_lyrics,era_origin,0.4193251016668
AA-MCE,no_lyrics,genre_content,0.4880686604167519
AA-MCE,no_lyrics,mood_affect,0.36149821949118477
AA-MCE,no_lyrics,preference_context,0.3223421977787776
AA-MCE,no_visual,era_origin,0.3936937936953333
AA-MCE,no_visual,genre_content,0.49517096707140745
AA-MCE,no_visual,mood_affect,0.34751481654381616
AA-MCE,no_visual,preference_context,0.29642595948613937
AA-MCE,observed,era_origin,0.4386119316112911
AA-MCE,observed,genre_content,0.5225139380400685
AA-MCE,observed,mood_affect,0.38403966302318
AA-MCE,observed,preference_context,0.33260255979845327
AA-MCE,random_one_missing,era_origin,0.3994331974879395
AA-MCE,random_one_missing,genre_content,0.4698201262441408
AA-MCE,random_one_missing,mood_affect,0.34870305039091753
AA-MCE,random_one_missing,preference_context,0.3035453287662906
AA-MCE,random_two_missing,era_origin,0.3249902120339673
AA-MCE,random_two_missing,genre_content,0.3878196589240662
AA-MCE,random_two_missing,mood_affect,0.28956052869551924
AA-MCE,random_two_missing,preference_context,0.25936867927120394
AttnFusion,no_audio,era_origin,0.35940397443443994
AttnFusion,no_audio,genre_content,0.4167355026336095
AttnFusion,no_audio,mood_affect,0.3176467445952449
AttnFusion,no_audio,preference_context,0.29340913322490425
AttnFusion,no_lyrics,era_origin,0.41316989477319627
AttnFusion,no_lyrics,genre_content,0.4831442912558282
AttnFusion,no_lyrics,mood_affect,0.35549360449316414
AttnFusion,no_lyrics,preference_context,0.32126709453743263
AttnFusion,no_visual,era_origin,0.3823307531931515
AttnFusion,no_visual,genre_content,0.4910862075492248
AttnFusion,no_visual,mood_affect,0.33877774602774885
AttnFusion,no_visual,preference_context,0.2928181456993683
AttnFusion,observed,era_origin,0.4302578738324438
AttnFusion,observed,genre_content,0.5200264001159548
AttnFusion,observed,mood_affect,0.37470094851801417
AttnFusion,observed,preference_context,0.32917205516166215
AttnFusion,random_one_missing,era_origin,0.38686149643482315
AttnFusion,random_one_missing,genre_content,0.4640595061917358
AttnFusion,random_one_missing,mood_affect,0.3395544013619807
AttnFusion,random_one_missing,preference_context,0.29963429653972184
AttnFusion,random_two_missing,era_origin,0.3170774908335589
AttnFusion,random_two_missing,genre_content,0.38428030406050806
AttnFusion,random_two_missing,mood_affect,0.28953054617155927
AttnFusion,random_two_missing,preference_context,0.2591463005921735
AudioOnly,no_audio,era_origin,0.1808429790716707
AudioOnly,no_audio,genre_content,0.20210580744728468
AudioOnly,no_audio,mood_affect,0.17736466736817488
AudioOnly,no_audio,preference_context,0.18106707198254018
AudioOnly,no_lyrics,era_origin,0.3848413317332324
AudioOnly,no_lyrics,genre_content,0.47184341211390257
AudioOnly,no_lyrics,mood_affect,0.32775259140522994
AudioOnly,no_lyrics,preference_context,0.29089092327398974
AudioOnly,no_visual,era_origin,0.3848413317332324
AudioOnly,no_visual,genre_content,0.47184341211390257
AudioOnly,no_visual,mood_affect,0.32775259140522994
AudioOnly,no_visual,preference_context,0.29089092327398974
AudioOnly,observed,era_origin,0.3848413317332324
AudioOnly,observed,genre_content,0.47184341211390257
AudioOnly,observed,mood_affect,0.32775259140522994
AudioOnly,observed,preference_context,0.29089092327398974
AudioOnly,random_one_missing,era_origin,0.3039695648508329
AudioOnly,random_one_missing,genre_content,0.37799459491655374
AudioOnly,random_one_missing,mood_affect,0.2658183255658276
AudioOnly,random_one_missing,preference_context,0.24217310298933034
AudioOnly,random_two_missing,era_origin,0.23912626540687076
AudioOnly,random_two_missing,genre_content,0.29193774078273943
AudioOnly,random_two_missing,mood_affect,0.21922545718288283
AudioOnly,random_two_missing,preference_context,0.21121466560689472
ConcatModDrop,no_audio,era_origin,0.3641006018239515
ConcatModDrop,no_audio,genre_content,0.4159542153012085
ConcatModDrop,no_audio,mood_affect,0.31639484956728064
ConcatModDrop,no_audio,preference_context,0.29386903230957784
ConcatModDrop,no_lyrics,era_origin,0.408217639916244
ConcatModDrop,no_lyrics,genre_content,0.48250720565377664
ConcatModDrop,no_lyrics,mood_affect,0.35380048320326374
ConcatModDrop,no_lyrics,preference_context,0.3167798604264149
ConcatModDrop,no_visual,era_origin,0.3857376852083821
ConcatModDrop,no_visual,genre_content,0.49062649873061254
ConcatModDrop,no_visual,mood_affect,0.3402716616866201
ConcatModDrop,no_visual,preference_context,0.29257728712020514
ConcatModDrop,observed,era_origin,0.4261405651595223
ConcatModDrop,observed,genre_content,0.515471353568904
ConcatModDrop,observed,mood_affect,0.3727720850614038
ConcatModDrop,observed,preference_context,0.3257755893763256
ConcatModDrop,random_one_missing,era_origin,0.3894810294340408
ConcatModDrop,random_one_missing,genre_content,0.46432678804477856
ConcatModDrop,random_one_missing,mood_affect,0.3403028586582513
ConcatModDrop,random_one_missing,preference_context,0.29857398569592364
ConcatModDrop,random_two_missing,era_origin,0.3195193656902766
ConcatModDrop,random_two_missing,genre_content,0.38459109018767595
ConcatModDrop,random_two_missing,mood_affect,0.2848138387277341
ConcatModDrop,random_two_missing,preference_context,0.25650363121060077
EarlyConcat,no_audio,era_origin,0.3540436743882507
EarlyConcat,no_audio,genre_content,0.4016310714306677
EarlyConcat,no_audio,mood_affect,0.31212284013206354
EarlyConcat,no_audio,preference_context,0.29013991093077357
EarlyConcat,no_lyrics,era_origin,0.3995266192765468
EarlyConcat,no_lyrics,genre_content,0.4746083702366505
EarlyConcat,no_lyrics,mood_affect,0.35479207824407566
EarlyConcat,no_lyrics,preference_context,0.3126398239638684
EarlyConcat,no_visual,era_origin,0.3764054813619653
EarlyConcat,no_visual,genre_content,0.48187057064771766
EarlyConcat,no_visual,mood_affect,0.3395753997925387
EarlyConcat,no_visual,preference_context,0.2890899196139359
EarlyConcat,observed,era_origin,0.42015882255559633
EarlyConcat,observed,genre_content,0.5095165900755935
EarlyConcat,observed,mood_affect,0.3776046896463897
EarlyConcat,observed,preference_context,0.32339081739626757
EarlyConcat,random_one_missing,era_origin,0.3694079762527746
EarlyConcat,random_one_missing,genre_content,0.4442560194002279
EarlyConcat,random_one_missing,mood_affect,0.3223984234865481
EarlyConcat,random_one_missing,preference_context,0.28656063807532084
EarlyConcat,random_two_missing,era_origin,0.29990074186140964
EarlyConcat,random_two_missing,genre_content,0.35853565752557426
EarlyConcat,random_two_missing,mood_affect,0.2691493157280594
EarlyConcat,random_two_missing,preference_context,0.24370932463417633
EvidFusion,no_audio,era_origin,0.355011276327206
EvidFusion,no_audio,genre_content,0.4062524598409831
EvidFusion,no_audio,mood_affect,0.3116820868690612
EvidFusion,no_audio,preference_context,0.28560433610907576
EvidFusion,no_lyrics,era_origin,0.39872057149107115
EvidFusion,no_lyrics,genre_content,0.4674879213813497
EvidFusion,no_lyrics,mood_affect,0.3450783189401531
EvidFusion,no_lyrics,preference_context,0.3078660808549707
EvidFusion,no_visual,era_origin,0.3765841020016311
EvidFusion,no_visual,genre_content,0.48282722724434013
EvidFusion,no_visual,mood_affect,0.3395810022793927
EvidFusion,no_visual,preference_context,0.28949195136203615
EvidFusion,observed,era_origin,0.41508003158106116
EvidFusion,observed,genre_content,0.5007269874657233
EvidFusion,observed,mood_affect,0.3668169236341001
EvidFusion,observed,preference_context,0.31859419195119965
EvidFusion,random_one_missing,era_origin,0.3761617509659521
EvidFusion,random_one_missing,genre_content,0.45107528417324233
EvidFusion,random_one_missing,mood_affect,0.32907792568517785
EvidFusion,random_one_missing,preference_context,0.28982501729692856
EvidFusion,random_two_missing,era_origin,0.3219033762901651
EvidFusion,random_two_missing,genre_content,0.3852286575849125
EvidFusion,random_two_missing,mood_affect,0.2870623583459169
EvidFusion,random_two_missing,preference_context,0.25679472910253137
H192,no_audio,era_origin,0.3684762205470893
H192,no_audio,genre_content,0.4191966322435905
H192,no_audio,mood_affect,0.32062511636293395
H192,no_audio,preference_context,0.2984124250219589
H192,no_lyrics,era_origin,0.4176676220794837
H192,no_lyrics,genre_content,0.48598444464903845
H192,no_lyrics,mood_affect,0.35642665372030524
H192,no_lyrics,preference_context,0.3218988490275913
H192,no_visual,era_origin,0.3911177217009442
H192,no_visual,genre_content,0.49378592365019724
H192,no_visual,mood_affect,0.3424457698622547
H192,no_visual,preference_context,0.29164741105061
H192,observed,era_origin,0.43465931032510285
H192,observed,genre_content,0.5198425435532836
H192,observed,mood_affect,0.3765178437990844
H192,observed,preference_context,0.330310697357278
H192,random_one_missing,era_origin,0.39665481399195657
H192,random_one_missing,genre_content,0.4664928107980625
H192,random_one_missing,mood_affect,0.34108312197694296
H192,random_one_missing,preference_context,0.30112667321282344
H192,random_two_missing,era_origin,0.32514801607602156
H192,random_two_missing,genre_content,0.387966334301297
H192,random_two_missing,mood_affect,0.2874506507371096
H192,random_two_missing,preference_context,0.2588023989318546
H384,no_audio,era_origin,0.3700606198109129
H384,no_audio,genre_content,0.41395821772816094
H384,no_audio,mood_affect,0.3249939455039998
H384,no_audio,preference_context,0.2971045835377413
H384,no_lyrics,era_origin,0.41975207147159277
H384,no_lyrics,genre_content,0.4850871822246676
H384,no_lyrics,mood_affect,0.3620537707475561
H384,no_lyrics,preference_context,0.3190308010167733
H384,no_visual,era_origin,0.39242134985995364
H384,no_visual,genre_content,0.4914166230272643
H384,no_visual,mood_affect,0.34683361331447854
H384,no_visual,preference_context,0.29312811159067126
H384,observed,era_origin,0.44016215141944093
H384,observed,genre_content,0.5205275277113224
H384,observed,mood_affect,0.38496563102061976
H384,observed,preference_context,0.3296724348255202
H384,random_one_missing,era_origin,0.3977760951476364
H384,random_one_missing,genre_content,0.4644932803559173
H384,random_one_missing,mood_affect,0.34712470475663665
H384,random_one_missing,preference_context,0.2991041235840808
H384,random_two_missing,era_origin,0.32017802058830863
H384,random_two_missing,genre_content,0.3805576451635746
H384,random_two_missing,mood_affect,0.28747437806655296
H384,random_two_missing,preference_context,0.2560557749163173
LyricsOnly,no_audio,era_origin,0.2604734791030041
LyricsOnly,no_audio,genre_content,0.34526284623256837
LyricsOnly,no_audio,mood_affect,0.27079225127456735
LyricsOnly,no_audio,preference_context,0.22999882630276078
LyricsOnly,no_lyrics,era_origin,0.1808429790716707
LyricsOnly,no_lyrics,genre_content,0.20213555297736285
LyricsOnly,no_lyrics,mood_affect,0.17736466736817488
LyricsOnly,no_lyrics,preference_context,0.18100588513983695
LyricsOnly,no_visual,era_origin,0.2604734791030041
LyricsOnly,no_visual,genre_content,0.34526284623256837
LyricsOnly,no_visual,mood_affect,0.27079225127456735
LyricsOnly,no_visual,preference_context,0.22999882630276078
LyricsOnly,observed,era_origin,0.2604734791030041
LyricsOnly,observed,genre_content,0.34526284623256837
LyricsOnly,observed,mood_affect,0.27079225127456735
LyricsOnly,observed,preference_context,0.22999882630276078
LyricsOnly,random_one_missing,era_origin,0.21111929566838453
LyricsOnly,random_one_missing,genre_content,0.27903779003762996
LyricsOnly,random_one_missing,mood_affect,0.2175638413939095
LyricsOnly,random_one_missing,preference_context,0.19674929233907887
LyricsOnly,random_two_missing,era_origin,0.19218642694160318
LyricsOnly,random_two_missing,genre_content,0.23908629720988206
LyricsOnly,random_two_missing,mood_affect,0.19342010469651558
LyricsOnly,random_two_missing,preference_context,0.18403671134155994
MCE,no_audio,era_origin,0.372672614132964
MCE,no_audio,genre_content,0.419648989084924
MCE,no_audio,mood_affect,0.32682106700700897
MCE,no_audio,preference_context,0.30033835019777666
MCE,no_lyrics,era_origin,0.4215039802813054
MCE,no_lyrics,genre_content,0.48787201942704095
MCE,no_lyrics,mood_affect,0.36191835745730794
MCE,no_lyrics,preference_context,0.32183316984726806
MCE,no_visual,era_origin,0.39488733040893237
MCE,no_visual,genre_content,0.49487218755802387
MCE,no_visual,mood_affect,0.3479533328696274
MCE,no_visual,preference_context,0.29481066549688273
MCE,observed,era_origin,0.4409478382690721
MCE,observed,genre_content,0.5228554533556248
MCE,observed,mood_affect,0.3845285508577312
MCE,observed,preference_context,0.332069980278155
MCE,random_one_missing,era_origin,0.40040219653075537
MCE,random_one_missing,genre_content,0.4681991153422961
MCE,random_one_missing,mood_affect,0.3474435781185616
MCE,random_one_missing,preference_context,0.3020701740208438
MCE,random_two_missing,era_origin,0.32485121013424206
MCE,random_two_missing,genre_content,0.38594114241337996
MCE,random_two_missing,mood_affect,0.2893498176894695
MCE,random_two_missing,preference_context,0.25879188429457667
RAMT,no_audio,era_origin,0.3625994590503361
RAMT,no_audio,genre_content,0.4198395273848975
RAMT,no_audio,mood_affect,0.3209256876598481
RAMT,no_audio,preference_context,0.29718633108864956
RAMT,no_lyrics,era_origin,0.40512904488800033
RAMT,no_lyrics,genre_content,0.4804644114287741
RAMT,no_lyrics,mood_affect,0.3547676314672427
RAMT,no_lyrics,preference_context,0.3200094716106315
RAMT,no_visual,era_origin,0.38394445316587905
RAMT,no_visual,genre_content,0.4891064385653566
RAMT,no_visual,mood_affect,0.3406107885284919
RAMT,no_visual,preference_context,0.2950409014110731
RAMT,observed,era_origin,0.42207524275801317
RAMT,observed,genre_content,0.5116126207555438
RAMT,observed,mood_affect,0.37339348313083276
RAMT,observed,preference_context,0.3278207007565914
RAMT,random_one_missing,era_origin,0.38768164884407535
RAMT,random_one_missing,genre_content,0.46357747228671287
RAMT,random_one_missing,mood_affect,0.34296722170283594
RAMT,random_one_missing,preference_context,0.3023609622948936
RAMT,random_two_missing,era_origin,0.3231751760057881
RAMT,random_two_missing,genre_content,0.3880095066155593
RAMT,random_two_missing,mood_affect,0.28886816730319387
RAMT,random_two_missing,preference_context,0.26020472470117023
ReliabilityGate,no_audio,era_origin,0.3408355092452308
ReliabilityGate,no_audio,genre_content,0.39952888316240265
ReliabilityGate,no_audio,mood_affect,0.31185732208920286
ReliabilityGate,no_audio,preference_context,0.289020080116521
ReliabilityGate,no_lyrics,era_origin,0.39259264893830886
ReliabilityGate,no_lyrics,genre_content,0.4712153821879036
ReliabilityGate,no_lyrics,mood_affect,0.35027581945374286
ReliabilityGate,no_lyrics,preference_context,0.312827315355752
ReliabilityGate,no_visual,era_origin,0.3762319479293041
ReliabilityGate,no_visual,genre_content,0.48180895936555157
ReliabilityGate,no_visual,mood_affect,0.33396065183145845
ReliabilityGate,no_visual,preference_context,0.28765667740775036
ReliabilityGate,observed,era_origin,0.41177679394947514
ReliabilityGate,observed,genre_content,0.5070275605407741
ReliabilityGate,observed,mood_affect,0.37150391283192513
ReliabilityGate,observed,preference_context,0.3232181496464033
ReliabilityGate,random_one_missing,era_origin,0.36841249644474533
ReliabilityGate,random_one_missing,genre_content,0.4476061158617156
ReliabilityGate,random_one_missing,mood_affect,0.3314310861913919
ReliabilityGate,random_one_missing,preference_context,0.2926174961872866
ReliabilityGate,random_two_missing,era_origin,0.3021866416683327
ReliabilityGate,random_two_missing,genre_content,0.3673770657866297
ReliabilityGate,random_two_missing,mood_affect,0.27487430296797805
ReliabilityGate,random_two_missing,preference_context,0.24956272594439025
UniformMean,no_audio,era_origin,0.35603772303228526
UniformMean,no_audio,genre_content,0.39565912258689273
UniformMean,no_audio,mood_affect,0.302930117836999
UniformMean,no_audio,preference_context,0.2852163576158312
UniformMean,no_lyrics,era_origin,0.39859101927264184
UniformMean,no_lyrics,genre_content,0.47071233412422775
UniformMean,no_lyrics,mood_affect,0.3445906080163813
UniformMean,no_lyrics,preference_context,0.31272347523913513
UniformMean,no_visual,era_origin,0.3784800040243173
UniformMean,no_visual,genre_content,0.4815837187945768
UniformMean,no_visual,mood_affect,0.3321659879302612
UniformMean,no_visual,preference_context,0.27992510279193283
UniformMean,observed,era_origin,0.4219408150599419
UniformMean,observed,genre_content,0.5078918929727734
UniformMean,observed,mood_affect,0.36702317085232855
UniformMean,observed,preference_context,0.32006807294581296
UniformMean,random_one_missing,era_origin,0.3734370191801311
UniformMean,random_one_missing,genre_content,0.4411074539173464
UniformMean,random_one_missing,mood_affect,0.31340462451543893
UniformMean,random_one_missing,preference_context,0.2834763515251437
UniformMean,random_two_missing,era_origin,0.3077695196408849
UniformMean,random_two_missing,genre_content,0.3685895769301556
UniformMean,random_two_missing,mood_affect,0.2715653539847931
UniformMean,random_two_missing,preference_context,0.24964294513463545
VisualOnly,no_audio,era_origin,0.3419322912944767
VisualOnly,no_audio,genre_content,0.35804739479781345
VisualOnly,no_audio,mood_affect,0.2852722530336078
VisualOnly,no_audio,preference_context,0.2873791437268353
VisualOnly,no_lyrics,era_origin,0.3419322912944767
VisualOnly,no_lyrics,genre_content,0.35804739479781345
VisualOnly,no_lyrics,mood_affect,0.2852722530336078
VisualOnly,no_lyrics,preference_context,0.2873791437268353
VisualOnly,no_visual,era_origin,0.18018231960631656
VisualOnly,no_visual,genre_content,0.20212871636846
VisualOnly,no_visual,mood_affect,0.17727625507068534
VisualOnly,no_visual,preference_context,0.18092675811995562
VisualOnly,observed,era_origin,0.3419322912944767
VisualOnly,observed,genre_content,0.35804739479781345
VisualOnly,observed,mood_affect,0.2852722530336078
VisualOnly,observed,preference_context,0.2873791437268353
VisualOnly,random_one_missing,era_origin,0.2941446143565863
VisualOnly,random_one_missing,genre_content,0.3116967067663538
VisualOnly,random_one_missing,mood_affect,0.25511394727389675
VisualOnly,random_one_missing,preference_context,0.25234741390999876
VisualOnly,random_two_missing,era_origin,0.22926136732245475
VisualOnly,random_two_missing,genre_content,0.2525852704295054
VisualOnly,random_two_missing,mood_affect,0.213447238347248
VisualOnly,random_two_missing,preference_context,0.2118030975445016
