label,group,AA-MCE,AudioOnly,train_frequency
00s,era_origin,0.4801620996390174,0.404849187797127,8913
6 of 10 stars,preference_context,0.1466152872284364,0.1358425317898804,4863
70s,era_origin,0.4163461950358261,0.3837181466992895,4777
80s,era_origin,0.5917151255965829,0.5026840048222181,7077
90s,era_origin,0.3914325983835693,0.3536273137209249,7301
acoustic,genre_content,0.3960695594674187,0.3703096344278785,5114
alternative,genre_content,0.6848560934668732,0.6300347276591082,18164
alternative rock,genre_content,0.6406935640770981,0.582863379907717,12560
amazing,preference_context,0.2496919614145132,0.2093330285595227,5801
ambient,genre_content,0.4817890497242534,0.4540875220674022,4594
american,era_origin,0.4241586641432978,0.3705726188511791,11112
awesome,preference_context,0.4341351127249185,0.3983604511585489,11318
beautiful,mood_affect,0.4661335405345901,0.4223501029680767,11207
british,era_origin,0.3278569068694529,0.2935967185086555,8477
catchy,mood_affect,0.3650138185105842,0.2973502105461712,5435
chill,mood_affect,0.3482858840324672,0.3019899164344291,7689
chillout,genre_content,0.3636301851604162,0.3311393981400631,7376
classic,preference_context,0.2918157959447354,0.2256329002830459,4845
classic rock,genre_content,0.5499708375249531,0.4484599690120385,8050
cool,preference_context,0.27526621154031,0.2300890157689462,6145
dance,genre_content,0.6105184804600968,0.5720123900754525,7878
easy listening,genre_content,0.3659319133904399,0.2909390089942446,4772
electronic,genre_content,0.6232625572114187,0.6045255538596687,9679
epic,mood_affect,0.2169407500600738,0.1915683323605883,5571
experimental,genre_content,0.2801670973291036,0.2442747375375897,6221
favorites,preference_context,0.6509909835100257,0.5899995847176034,20124
female vocalists,genre_content,0.789225316828073,0.7749032041100143,10778
folk,genre_content,0.4448771836707383,0.4016902685175154,5268
guitar,genre_content,0.2777978752828368,0.2168252197968819,5412
hard rock,genre_content,0.4701507884209298,0.4125037976539099,7520
heavy metal,genre_content,0.393607580509097,0.3088079445046774,5044
indie,genre_content,0.5875221344675532,0.5179363975783358,13153
indie pop,genre_content,0.248650233165643,0.2068114666194306,5042
indie rock,genre_content,0.5579775124622024,0.5043371162350392,8454
love,mood_affect,0.5360152192394924,0.4483290219236796,12182
love at first listen,preference_context,0.3328947235651924,0.2877299990787354,6096
loved,preference_context,0.1695379515934848,0.1480736960413539,4807
male vocalists,genre_content,0.5786691281745097,0.5107845207832861,12390
melancholy,mood_affect,0.3091750126627531,0.2619191135113409,5104
mellow,mood_affect,0.457357749770629,0.4023448727311454,7967
metal,genre_content,0.687813584945715,0.6061980170179379,8645
pop,genre_content,0.8568862673398063,0.8144862253406813,20577
pop rock,genre_content,0.4669904531921922,0.4235695653669824,7308
punk,genre_content,0.4744606092420242,0.4707333110091662,4961
rock,genre_content,0.7993010673054773,0.7587620417454197,25318
sad,mood_affect,0.3760893999465043,0.3101031124535334,5543
seen live,preference_context,0.4424750106644631,0.392957102068271,10012
sexy,mood_affect,0.381345592451526,0.3138186397181048,5177
singer songwriter,genre_content,0.4677792290119414,0.3925948810467157,8127
soul,genre_content,0.4867640872109688,0.4183384159543116,5143
