model,condition,global_thresholds,pattern_thresholds,oracle_thresholds,share_recovered
MCE,observed,0.4669475536408677,0.46724597511065946,0.47425199227569115,0.04085481235601721
MCE,no_audio,0.3942841900509701,0.4050938594665225,0.41139365110808124,0.6317948519517866
MCE,no_lyrics,0.44864445071741255,0.4517553209211031,0.4579879949203159,0.3329432746434596
MCE,no_visual,0.44427429787302836,0.449137400797611,0.4557248057491986,0.4247063079798659
MCE,random_one_missing,0.4296875906740751,0.4328046771202773,0.43967780394593864,0.31201400424365283
MCE,random_two_missing,0.3667460474507542,0.3853843546276086,0.3914156609903016,0.7555167877670919
RAMT,observed,0.45449700441320556,0.4550501327023941,0.4625439453141326,0.06873770989479946
RAMT,no_audio,0.3955390479087629,0.3997091590573941,0.40563605011489273,0.41300487644734685
RAMT,no_lyrics,0.44390124411230236,0.4439387955211781,0.45032662939588464,0.005844226800170958
RAMT,no_visual,0.4372022286329189,0.44168902427372936,0.4480474526052552,0.413711662595005
RAMT,random_one_missing,0.42584183679204407,0.4267604765678086,0.433396450981943,0.12159982663215199
RAMT,random_two_missing,0.37800713844271605,0.38445007103141016,0.3905276348294985,0.5145908268857252
AA-MCE,observed,0.4677875193153443,0.46818642935651267,0.4745874045478808,0.0586642314578558
AA-MCE,no_audio,0.40098823236756775,0.4075335144970424,0.41353229744013864,0.5217831772721498
AA-MCE,no_lyrics,0.45103292700149156,0.4507941258070075,0.4586139158581215,-0.03150000600188291
AA-MCE,no_visual,0.4465841088981878,0.4498910386069375,0.4572158569236883,0.3110428972562157
AA-MCE,random_one_missing,0.4326067189463048,0.4336109642066398,0.4414757317289596,0.11323078283289915
AA-MCE,random_two_missing,0.37823177828279125,0.3884552259900357,0.3944378252463624,0.6308415451482563
AttnFusion,observed,0.4574531370761566,0.4577110334540905,0.4651179667808426,0.03364671987118214
AttnFusion,no_audio,0.39109924364925386,0.3964205787799649,0.4034348712859871,0.43137935802026606
AttnFusion,no_lyrics,0.4427571795429233,0.4434419488764741,0.44986351741072683,0.09636036820782717
AttnFusion,no_visual,0.43676366953351853,0.43934661832637223,0.44665973679363,0.26100760281459523
AttnFusion,random_one_missing,0.423917619580917,0.4253467337758199,0.43263565324109676,0.1639262075151719
AttnFusion,random_two_missing,0.37292835134572294,0.3810627047201204,0.3875779357770247,0.5552617149341635
EvidFusion,observed,0.45141297630072685,0.4540491546833925,0.456530582241092,0.5151194549531051
EvidFusion,no_audio,0.3832534142059155,0.3997641976258984,0.40150379865714936,0.9046814035123861
EvidFusion,no_lyrics,0.41458116823898894,0.44022369669733175,0.44150037438599893,0.95257372443693
EvidFusion,no_visual,0.4238504273554759,0.4391412195544856,0.44489477057327315,0.7265986892894923
EvidFusion,random_one_missing,0.40248223824447216,0.42546117924199633,0.42634716612928986,0.9628749396784406
EvidFusion,random_two_missing,0.33871077603302646,0.3841331927364967,0.39003003957083776,0.8850948663751509
