variant,pattern,median,q1,q3,labels_below_complete,labels_above_complete
MCE+AAT,audio+lyrics+visual,0.3850000351667404,0.35500003695487975,0.435000042617321,0,0
MCE+AAT,audio+lyrics,0.382500034570694,0.3412500336766243,0.42000004053115847,30,17
MCE+AAT,audio+visual,0.3850000351667404,0.3600000277161598,0.4300000429153442,26,23
MCE+AAT,audio,0.38250003159046175,0.35000002682209014,0.42500004172325134,30,17
MCE+AAT,lyrics+visual,0.35000003278255465,0.32000004053115844,0.37375003695487974,39,10
MCE+AAT,lyrics,0.3100000411272049,0.29000003486871717,0.3400000378489494,48,2
MCE+AAT,visual,0.34750003516674044,0.3262500464916229,0.3750000298023224,38,10
AA-MCE,audio+lyrics+visual,0.38750003576278685,0.36000003367662425,0.42000004053115847,0,0
AA-MCE,audio+lyrics,0.38000003099441526,0.3462500318884849,0.4275000423192978,23,24
AA-MCE,audio+visual,0.39000003337860106,0.37000003010034566,0.4387500450015068,16,31
AA-MCE,audio,0.3775000303983688,0.3400000348687172,0.43500004410743714,31,18
AA-MCE,lyrics+visual,0.3600000351667404,0.33500003367662434,0.3837500333786011,39,9
AA-MCE,lyrics,0.31000003814697263,0.2800000302493572,0.3437500298023224,49,1
AA-MCE,visual,0.34750003218650816,0.31500003263354304,0.380000039935112,38,10
RAMT+AAT,audio+lyrics+visual,0.3950000375509262,0.35625003576278685,0.44000004529953,0,0
RAMT+AAT,audio+lyrics,0.3750000327825546,0.3300000384449959,0.42875003814697266,37,12
RAMT+AAT,audio+visual,0.39000003337860106,0.3612500369548798,0.44500004649162295,21,24
RAMT+AAT,audio,0.37000003457069397,0.31500003933906556,0.4225000411272049,34,13
RAMT+AAT,lyrics+visual,0.35500003695487975,0.32000003606081007,0.4037500366568565,41,7
RAMT+AAT,lyrics,0.26000002473592754,0.22500001192092892,0.3187500290572643,48,2
RAMT+AAT,visual,0.33250003308057785,0.2950000323355198,0.39250003546476364,38,11
AttnFusion+AAT,audio+lyrics+visual,0.40000003576278687,0.3612500324845314,0.4337500438094139,0,0
AttnFusion+AAT,audio+lyrics,0.3700000286102295,0.3262500345706939,0.44000004380941393,36,11
AttnFusion+AAT,audio+visual,0.3825000375509262,0.3450000360608101,0.4300000429153442,30,18
AttnFusion+AAT,audio,0.36250003874301906,0.307500035315752,0.4487500444054604,30,16
AttnFusion+AAT,lyrics+visual,0.35000003278255465,0.3012500405311584,0.38750003576278685,43,6
AttnFusion+AAT,lyrics,0.24500001817941666,0.2212500162422657,0.3562500327825546,44,5
AttnFusion+AAT,visual,0.3050000235438347,0.24125002324581146,0.34500004053115846,44,6
EvidFusion+AAT,audio+lyrics+visual,0.1500000059604644,0.12000000476837155,0.19875000864267345,0,0
EvidFusion+AAT,audio+lyrics,0.21750001013278958,0.1912500090897083,0.25000002682209016,0,50
EvidFusion+AAT,audio+visual,0.245000022649765,0.20000000968575474,0.2737500287592411,1,49
EvidFusion+AAT,audio,0.36750003397464753,0.3262500420212746,0.40000003576278687,0,50
EvidFusion+AAT,lyrics+visual,0.21000000536441799,0.17500000894069664,0.24875002428889276,3,47
EvidFusion+AAT,lyrics,0.28000003695487974,0.260000029951334,0.31875003427267073,2,48
EvidFusion+AAT,visual,0.32500004172325136,0.3050000429153442,0.37000003457069397,1,49
